,file,content
0,EFTA00003159.pdf,
1,EFTA00003160.pdf,".
"
2,EFTA00003161.pdf,
3,EFTA00003162.pdf,"}
"
4,EFTA00003163.pdf,
5,EFTA00003164.pdf,
6,EFTA00003165.pdf,
7,EFTA00003166.pdf,
8,EFTA00003167.pdf,
9,EFTA00003168.pdf,
10,EFTA00003169.pdf,
11,EFTA00003170.pdf,"4.....
"
12,EFTA00003171.pdf,
13,EFTA00003172.pdf,
14,EFTA00003173.pdf,
15,EFTA00003174.pdf,"4
"
16,EFTA00003175.pdf,"•
4
1
1
4;
6
0
2.
5
4,
%4.
‘f
it •
,‘
4
'
s
is•-
•
"
17,EFTA00003176.pdf,
18,EFTA00003177.pdf,
19,EFTA00003178.pdf,
20,EFTA00003179.pdf,
21,EFTA00003180.pdf,
22,EFTA00003181.pdf,
23,EFTA00003182.pdf,"i
"
24,EFTA00003183.pdf,
25,EFTA00003184.pdf,
26,EFTA00003185.pdf,
27,EFTA00003186.pdf,
28,EFTA00003187.pdf,
29,EFTA00003188.pdf,",lan
-VIa
Seen.
liglahla
AlbellaSS
allaSIPOIS
_ ••••-a-easSiliallih
"
30,EFTA00003189.pdf,"VI AIR
"
31,EFTA00003190.pdf,
32,EFTA00003191.pdf,"l
"
33,EFTA00003192.pdf,
34,EFTA00003193.pdf,
35,EFTA00003194.pdf,
36,EFTA00003195.pdf,
37,EFTA00003196.pdf,
38,EFTA00003197.pdf,
39,EFTA00003198.pdf,
40,EFTA00003199.pdf,
41,EFTA00003200.pdf,"i%n
c•tert•rt-afra.-1 s•Yette _7
"
42,EFTA00003201.pdf,
43,EFTA00003202.pdf,
44,EFTA00003203.pdf,
45,EFTA00003204.pdf,
46,EFTA00003205.pdf,
47,EFTA00003206.pdf,
48,EFTA00003207.pdf,
49,EFTA00003208.pdf,
50,EFTA00003209.pdf,
51,EFTA00003210.pdf,
52,EFTA00003211.pdf,
53,EFTA00003212.avi,"failed"
54,EFTA00003212.pdf,"No Images Produced
"
55,EFTA00003213.pdf,
56,EFTA00003214.pdf,
57,EFTA00003215.pdf,
58,EFTA00003216.pdf,"ntane,r. rv.../irauctivr......4. rirrvirrn-israpft.„
IIIISIMPOIMMINIa - att.
*40. '-***%,,evne,star*Ma.*,
Ca*Pale**Sinde*/*****1•42•481S...
- • • •""""` 4.1**.""- 4.• • •••••effilhoir Asir ••• N• • ....me.. 4 d o.
/MEANS
L
I
L
a
‘'. ‘ irirlt.2121tffitit :14 04
at nit AIM a • di ma-
e^ tom .c.-4 in 0 ezo tvl CS ft Ce (.5# CI a a CD CI 0 LI c) :LI .11 C..: CT C, .12 C.:, .
I
I
legenCrnEtcrACCrerreeccegifierretecXercceqceecccecceccecas
• eetcuOutmauuuetruueuerucuuriurrunimuutortut=ercturt7:7-7::7.----
maymemammcam man seseaalm
aaaoteemmmaimaszsmoi mammwei
rscasimaaisoLseimusi;smM
er, pri
ten 7er# i . X10 mer (1.7 er. 4.! .01/ T millt ""'or -e :en n rain Pro
Snows seam n pep as PS PO 0""""‘ Poi S a al el CPS c•S r'S erS r•-•, cS t=i= r•-• •••• mai it i"""""" Pm re' fee sat C- rie rt •
"
59,EFTA00003236.pdf,"-
1' trade
-
S
I
i
i
1
/
cr, ch cri r"". er) ci ea en e:3 ets CS c3 c3 eni co cm
-
r-.
op
4
"
60,EFTA00003256.pdf,"-74.•/14
•
a re„ • _. „ b
' 7.4. • ..- j 4. . • • c6e• aL a ..7... : *.
• ai ... • 6•,4_ ••. :ir....4:14:7. * v
a
e-
, . -- ..•• •. .-6 ..4. 'a 4^ 11. 6 ‘'. „ ..•
- _ li • 1
. • . • a.
- -- . - - .
a a ...""-• • • ./.... a lb. • •
• . , . '4 4 7% - C1r;1 17 • •4-%- ,• C-lep; N - C --- • 1ir- v• •• w . ry ' • • st• • '4 .. . • .. .
. ..
- a --
'J._ ... . • .4 -,, ,,. 4, „, ,• - I.
• C• • . . • • ° .
a • * ' I .I. . to. • 4 . • • I .% • . ., . • • ,:s , . . a , t it.. e • s . ,I• 1,, . a . , • . .
.. , ..,,, ... • 41.
4i It ffe s
41. , • ... .g4 4 "".. • w 1 . 0 C a „ -4 . % .. . „ . .
- 0 •4. .. a • qv a. . IL le _ l 4 .. . 1 * . . 4 .5 . . % • • • . 6 . . . .. . . • q .,, • . • . . • • . . . . . . lb % C' P . •
•‘•• • • h. ' • • •
• . • •
0 • ‘ ‘'• • i. O 1 ft t , 4 . 0 1 . 0 .... i • t • -, • q • • • , .1 •
•:-
rfl
I.._.r, e.
•P I
_
_
•
• pp..-
G•LAWS
AMI•00.0
e
NM
ti•1-.`""""
•
a a a a is a is ab aft ft aSMft 01 Mil al Mb °nail"" 0 MS minim es re igm rt es en na S en. nit
rroar.lor--_,r r _
line•-••••=e0CdcrineaVollraca r
•...aliscaa'aciliaho
amiSINIE
:
_.......
,
i
■
S I. •
- -t+
.1
I
I
1.
tl
• cit,It
ase
or.
•
Aro
•
L 4.1 I
• •
•
410
H9tYb7RaMi6~T~ii... h
'~iiY r
"
61,EFTA00003276.pdf,"I
I
alk
.0er -7.77. sertn ;""--
^ it if
tf;er
-. ..•• era•m••e
• e
• .• • a NI
110
▪4 4::::::: :go:: .•I.b
•
- a ••
a • .1•
•
•
•
9.
9 • • ••••••
•••......
.1/ ""re;0
*•
•
•
•
Sr
••••••••••••
a die•••
• •
• •
•ffr eo:
• •ego.
1•10:61••••••••••••14........6...0:•••••1•1•
••••8•o
wlseof
:a f oe : :1 l_f e.e.*.**;
j
. . • t • - / i • • m c . P . : . • e p . o . e . r . . . . • t . , . . - • . . - . • . . ' . • . P a • . • , a •
• • • • '
• 4 • • . I . . . P • 4 g "" . ' ' , • , . . - • • • I • • • P . , • fa tl•
• • 0
I * . •
0 i f 0 . I t 4 • l r i a e i'i
s t I • P 1 ' ' • a • • . - t • . l i i 4 e • f , a • . • s A • 9 f 1 n . l • • . b 7 • • 1 • p g • • • • . 0 • o • • • e S • • s 1 • • • 1 4 1 • e • 1 • t 1 l • ie s • • 1 • • e 4 s 1 e • l . • a 0 ; • i • t • p
I m L a
8 a 1 1 1 V 4 1 l IP e 1s 1 : 6 i:1 • 1 • • . I • • • i • n i l • • l • • • • • e a • * • i s • l • • • l • • •
• l• • i i f t • a
r
•
IfIs
. •• • •
♦ PO
Ole
• •
• • •
•
e d
.
SW
• 1 • • •
II
•
•
• 00
II
a. • • s
t
a
e t,
•f'..
i • e •
e
• .
• • • •
/0 •
• •
Si
. •
IP • • I • 1
Ot
t
I
I
i a ft
I
IL ' .1 #
IL
le'
• ••
..teib "" '
S e S S • . ^ . r .. -A % a d m t a . n . s . _ ea . , ., . m . a a e s a t s e. a 4 .: at e , ur . • 1.,... • 7 - . i 0 ll . im N i. l. - i c, I s s i m .. c $ r t. . • . M.a d .i o . . a . .„ . g . .m . . i . t . . . H i . le . A . 4 . W S r e e _ a A . ar"" • a . • .. 1 , - . . . . . . "" . . "" t .. • O • y l e i • v • S e a • • a • • : :,. r • • . e - - ."" • ..::. e . a . e . . . l ea lb m .- :: . - . 4 . .. an .. .. - a . il I l e t ira ? s a a i : r i e . • 'le . ''1'. ,. _ a . .. C d i ,. : . • • ... e . . - a • m 1 , . ... - . , 4 , k , 1 . : i . • • r .• - .1 - 1 t Q.. a .. "". . 4 . , * • y ‘ • r ""' • t z Il . ia . • n _ la • b :. ... .. • •: • : . ., . : 4 . . . I 1 N a \ 1 . e . . iii e L a . . . . "" . . . . . r a . e "" n . a . . . . - . a . m ' . ` . . a . . d . ; . . : . "" ;;: . d: .. : . • e - 2 - . e .... i ‘ : ' "" . I 1. ii . i 1 "". .. • . • . • . • 2 •••%• .. . L . . S .._ i .. r . 1 • 7 • : 9 - 0 45 . . 0%. d SIN a IP •o , yr- a . a • . a .•- . . - . 0 & ' a ''''' IS. i . • ., __ e e.,..a .. 4 .. a . a r _ ' . e . . „ a l k m .. ..• s . • a . ' m e• . a • . . a a . a - r .a . . 1 ' . 01• a •• • 4 a ... ... - . .. a
- +Or a • -aa - - • e ....... l . a . a• e ace :;01...a.i.: 1;r• a - • • eq. . . , *S 1 • F • • - '.. ' . , ... _ ... I .e . . .1: el II. ea( an ""ii, ""•1"". 1. _..... .....:1 ii• ""..... • ,,L1: -.... V
• e
-0 new., •
.4.
••• a • m , . •1 0 #L 1 l 1.- e a Pa. I. N a . • i r a s Ns; r S ille ' alla n•ti • a i 11 0 n • a. el.& .. ' VW a aaaa•._ .1.. ..... ""mkt .- ... •_ -.le- .. .O. • i 4 r 04 .• . • . • . • .
• . -- r ter nTc k , . . , . ... . _ • •••••.: - : • ilic:- -v..- ... -
.... ...4 ois , 'or . ' • w """"•••••%••'..- ... .
•P'ilik. $
1.
Me .. - ' - e , . N .' r "" Y I r a l % • •••••••••• - V t - i i , t , t4, ... ,it• . ../. - , . .. . ' + 40 $ . • .. . me b. .0• _.N • . • !.. ' . • 4 It. . •It 4 e • . I I. • a. •••• • .. r„ ...It .' iind"" .. . , . 4 . . .41/ .. • • . 1114. $ ' ..iir,..._40.„..,.: ..... ..... . . . .... • . .... . . , ,..... • , • . a
• • f:: ... • • .... i• .. ....,.— L. a . sork e : l l - •.,- ' I la l i . tc . : s . .its Ta • t .„. • . 1k .,,...! •-- , •• ;as.. • .r....._ ,,„ _ ...,
r te - at •,,,
.. 1 "" ""i it"" - ,-. . likr1i '?"".••• .6 ... I • •••• • C • .. • • • '`..! .. ..- '''' . ... 1. I% ''''
r • • . •
a 4: ,. ` •
Via al a -21~ - i i ... . OOPS . ... ,a' el• . • „. . • ... • 4
adiVe ""al aa - _ .. w er - am •••••• lb. ... ib . lama a.r ...„. .o:s!,,...,_ A- .„., „_ ...
Aar
AO
'T.
4' .., --""No.. • • il ""-- . • a lb lea •
f. •
4.0
a
a
/ Ss
i•t•isir%
a a
I
•
at
AV&
4 6 a
.40
.
S
•••••••••e•grr
r•-•
I
I I I f t l i fyl e„t(kiikAe t rAt irize
:7, 7,017,7(1 t g e l ( l f, :i e1 X 1 .1: (y iry J AN.:7 77777417::
- ( (
•.-7.1 .7 3I r
i ,
i r j i t g i
leer"" ( ( e e (
.r. ( I • ( ( ( i I I i ( 1 c 1 , 1 ( r < f V ie 1 e e' e e e c y f r , ,e ,; yfr
i e ./r e e ec e r
r l' ( I I I 7r ! ( e ( r r
I I ((e e l , I I
I I ( I IL e' / r r *Ir • 1 .f,
I I
I V
r I
• I I
I r •
• r I (1 r
f lIe r r iC
r' e r r r e t, (X.(*
r r i r • •
r f • •
4* I I. V ; er
t""\"".2 7 AND.
4_1
. • ,
ear
. ..4 . 4 , .•. 4 11.,1 4. -i re . ; . .4; • •, „et: e ' l 1( \ 1 :T o ea a t , k r - e s- - .C "" r L i a e , - 4.
::.'s,:r...:.- f:. .
`Los`` `' ,Itit k a Z t-t ‘retSicela. . 't
.""'tea • • p , • ... % at' 41k ..
. .. Pr t.41,4^1 4, • • ..1 St itt e • e‘• C ..J. ,... . • p e etre I••s• a'itr "" a i it• S -. 4. ... '
te ' r :1;•• • t re ,... e ••• 1 pie . ,l . iE lk - ..., 1t15 144 .4 ‘Pt •- 4. le • It, '• '1\ A N.:Z. t i ' nt fi S.--t ;
e ' felip Mr .N° . *L's, .,tart..
•
Mirit• bareseade_
iiii iiii
MIMS _ ..-•••••••
r... ...- Inn
"" -- writ
tn:
WM 111111
IIII ....._
c.—
IIIIIIIIT-4-- -1 11Er
gill auldL,
:LH-f..7: I!!! gill -:.:3-77at
2„
Ill. NMI
r__- twwww
:far!
alml iiii
0 Ili Il liet3 ,r
l
os luir
in no
L •
/ I. I, Nis i I I I I I
4LIBRUIIIIIIIIIitessung
•
.-miawmpwagromaskapsomism rn
lilt
7 ;
MSOMMIN OUP
inialligirld Air ' 111
fano aimaSsismana aeaseassaimmi estansiv /sal."" ill I .1.12
••••.„
\c‘,\
Nft_
•
•
•
• ..
""P-
•••
• INS
a
..e.... ..., _ • --, ±. . .
.. ...1 --qt. et-- ....•-.4. .44:4.-,..,..""• tv...t>tv.
............'-Pi_
• _... ..*_, . -4••••401Cfriet ... - .. It o lt...... ..
r - il41/-Salkall - . - • 70 6 4 "". 0/1a t ala „ illa• ti -4 . ""ab • s • tI • ll • ‘ -• .. . . C . '••••• . a .e. m t. g i r o . , "" . at • - . t _ • • - • -iihr:: ..teta itsia A .la A b t.* le se. t t ir es' . ••• .1t 24 4r.1! t
4.1•4ti•4%1.,1,11•••••
•••! **"":."" 12/.rte.%
-4e-b
sees €
% .: 100... - t a la 61t
.112.• •
elP •••• )44-- .."" Ceetur
• Ube.* 414. e. •••-
./.4.24.061•6; ;isms. - - •
- •••
Ant ass._ - • - .."". •••••• ••-• :ea
• -•Z, •161?•••
..earab ' is.'cts teinomes- a ""0 a . i 0 ll 1 IS . ""Thar :Ja w e ait ...ZIPS- • ""-m • s • s • • - - • • Z‘06Z.-C. A e• l • f t P ir i tC • •••. tlii • v. .404: • .••••
""I•sts.-,s•-•••-•-• ear Mir
...tairesso illaSOOPINISSPOrilieelaillaGPOWSPiPPOWbalaNISSOIMiaselealliag
illi"".""""Mile
alelhabeil
IMEMINSINIMSIMONOISIPaalasna
••=4.1.••••••
••••••=1
•••••••• *So.. io•o••
- - —
3-...soarsomav000.g
••••.•• •=II•Iimm.
# 8 #
so
A
69 -EL Idee
L 1
som PI ,
li a, lli. allirr alm w "". s o our r.-.
. ma, PIII.0) 4...,.....
..: I.,
"
62,EFTA00003296.pdf,".--...„&wwwiiiimitita• I .
.• '
4
• r
AO
t .
(-0 .
•
'
ICI ,
3. . 4 *
'
y6ikt.i+),*,„ s:. ,•,
.
4-4 *et I .1 • 2 tI • t • ',a # 1.• ; el* • ( *c L. . or • .0 1"" • t1 4 1 • N , • i•er • I , 1 • j • 0 • ,4 ‘ ‘ 1 .. ; 4+ \A • z. "" / j11 - v . -
""*-- • :. • • 0 • 17+ - • -• c4•4 • ' • • j . • •:j. ).4; ' , . ' •
..„ fikt ,g • M .' .;.‘,.‘""•••• •••, „ •` "" "" •- A •,""- ' 4 •••• • ‘. • 'tb* la* ii""V‘ 'pc .
- • r#,) ' AC. 'I` Ar'w$C Clir34/
..,,,, d•)40.\....•!-:.., %.Nr.)."".-±c,'e, -....i.:-."":.:::4.-:.31 ,:,`,.31Ehit.,•' 1:N14/ .4 1 -P ir-..;l:i.v.-‘S a. i soi ;;;: . l r': . t 3 -. 1 , 1- • 1 .4% l 1%; ‘ 11v..; 1.14/1.1.
Er • ''' r..1 i %fi‘.. il ''' ‘. 41 4 . ' : as Nr -4 ' .111`1. r4,4 ' ':•‘ ! ve%t' . tkosNc V' ""fe A ; . -4 4- :"".Sta-'
• ‘ 11 e.i):\, AZ,. talmg: -1,tot:
.' v
f • ' •ir ” .. • f '4,_S gY, 1I
....• I ' i ll -1:""1 r, , • s ) iin vet'
it ?AN...A t- ,•er
sw ?ik w
• .0
11. :14/ • • • • • • 4 -
• ♦ ,
11 •
•
••! j %VAS IL'S.
Ir.*.
t t
• • • sal t t -se
\ s ic,
• . 1 • '
4 • *lls.
av
'it;
• is ' a 1 ‘h N.. -'• 11/
ani,14/ ')ro 4 ,.,..,. ,
fi‘ ' 4110••-•tt
1 ' • 1., 04 .. • Ital.%
i 'sfr • 4
44. •
I
I
•
I
I
• $
res ew ma as Mel itI I E ISM PO no Pe • • As rif esS whits . r va'S CI oN! c`41 ialb 'Sorra adY, 1/9 00 'MS ors it %el :SI 05 Pe ne n't""5 t ""'Mt. <M• ° ..•••...,. s u Sib •
;- 44. •` """"ir "" Cit1. 47 44.747. 1111nr
_
_
-
"
63,EFTA00003316.pdf,"• •
• • •
* •• • •
It •
• •• • S.
•
• •
••
• S.
• • • •
• ,,11
IF •
d . * • •
•• • • ••• • • •
. .
.0 • • •••
0
• • • • •
• • 0 . '
•
.••• 41
•
• • •
4, • r •
• • • •
r •
r • • • •
• ••
• • •
• • •
• 6• •
P• • 4,•
•
• •
• ••• ,••••••
"" •
t •
"
64,EFTA00003317.pdf,
65,EFTA00003318.pdf,"4.4.zk
ktN
,tf
•.40.-r
t.‘
•
"
66,EFTA00003319.pdf,"•
*
6,
1
1,
2
"
67,EFTA00003321.pdf,"LB
El •
"
68,EFTA00003323.pdf,
69,EFTA00003324.pdf,
70,EFTA00003325.pdf,
71,EFTA00003326.pdf,
72,EFTA00003327.pdf,"-
"
73,EFTA00003328.pdf,
74,EFTA00003329.pdf,
75,EFTA00003330.pdf,
76,EFTA00003331.pdf,
77,EFTA00003332.pdf,
78,EFTA00003333.pdf,"1
"
79,EFTA00003334.pdf,"4-
"
80,EFTA00003335.pdf,
81,EFTA00003336.pdf,
82,EFTA00003337.pdf,
83,EFTA00003338.pdf,
84,EFTA00003339.pdf,"-
"
85,EFTA00003340.pdf,
86,EFTA00003341.pdf,
87,EFTA00003342.pdf,
88,EFTA00003343.pdf,
89,EFTA00003344.pdf,"\A
t
""
t
I
r,
F
Ili
"
90,EFTA00003345.pdf,"1
"
91,EFTA00003346.pdf,"4-
"
92,EFTA00003347.pdf,
93,EFTA00003348.pdf,
94,EFTA00003349.pdf,
95,EFTA00003350.pdf,"-
"
96,EFTA00003351.pdf,
97,EFTA00003352.pdf,
98,EFTA00003353.pdf,
99,EFTA00003354.pdf,
100,EFTA00003355.pdf,"h
"
101,EFTA00003356.pdf,"MbeallOba asi, alb we armee
IP
•
• a
S
•
•
- • ES%. .i.v
# r el.,. •
...C.•••4000,1
• • i..:0--:#.).„-fab- ika • -; t, ? tot.,
."": ..1, r 62 r- . • a 4 . , • :OrCr.:.4.# ...14•IcillitA1494
"
102,EFTA00003357.pdf,
103,EFTA00003358.pdf,"111T,t itt
"
104,EFTA00003359.pdf,
105,EFTA00003360.pdf,"e4
"
106,EFTA00003361.pdf,"a
"
107,EFTA00003362.pdf,
108,EFTA00003363.pdf,
109,EFTA00003364.pdf,
110,EFTA00003365.pdf,"s'On
NA,
I
"
111,EFTA00003366.pdf,
112,EFTA00003367.pdf,",C-Fig
Kt!• s ya„,
Areitity
dieir - •
"
113,EFTA00003368.pdf,
114,EFTA00003369.pdf,"I
"
115,EFTA00003370.pdf,
116,EFTA00003372.pdf,"•
• • ... • • • • • • • .
S
• • • .0
• • • • • • • •
• • a• • • • • • a • •• • • • • • • • • • •
• a •
•
• •
0
a I
•
P • • • •
•
•
•
1 •
a
a a
a
• •
a
• • •
a
a • •
♦ a
• a • •
a
• •a
a
•• •
a
• • •
a
s
a •
a
a •
•
a • •
a
I
• •
•
a a a s a • 1 • • •
a
a • •
a
• a ♦a
a
• •a
a
• il 1 l
a
6 . • . •
a
a
•
a
• •
•
a
•
•a
•
•
a
a
•
a
a
"
117,EFTA00003373.pdf,"ad
"
118,EFTA00003374.pdf,"faEXILtif
"
119,EFTA00003375.pdf,"ftkwaitarylttilliy
.
•
•
"
120,EFTA00003376.pdf,
121,EFTA00003377.pdf,
122,EFTA00003378.pdf,
123,EFTA00003379.pdf,"W\
4
"
124,EFTA00003381.pdf,
125,EFTA00003382.pdf,
126,EFTA00003383.pdf,
127,EFTA00003384.pdf,
128,EFTA00003385.pdf,
129,EFTA00003386.pdf,
130,EFTA00003387.pdf,
131,EFTA00003388.pdf,
132,EFTA00003389.pdf,
133,EFTA00003390.pdf,"- 41,24,444
_
3. 0.. ' -tchr7t,... irdes ms=6.1 e 76,.--Algtallaaliarr `-acr•--t- a-- --' „zairvililIF-
-
_ --- -- ----C--c76e ll,• o ,%. -.-- ----- -
""""Cirre,..40.1
• - tt- 'Sr -ndr- ••••••• a ..•••••••
„lI s•••e-ear- eanpriri
..41 r M IPIC
..- a•r estaCt:=9,se- agar 46,,,...;;,n acer --
assie
- araft.:e
- ""•••••rataxam.
.""""`""*e7
--lefteSIC _
'Cr
. •
A- ""--sioncr 10.
_
- - bier-
""
---.7 . . ver .-A-rtiCoo rt--• - --- ..-- . ..... :-..--.......
-.,.• -.-- ._ .:.• e ..--soa.""- - - — ....""7.*:
--tc;:-
,...-, :. _
.7-- - . ,
'Apr .-.A,•• , r
--' PC-.:...-
-..,r ..eror-. sw .dp ...a......•••••••• • m.
. „---,
aerr
— _
„.-
"
134,EFTA00003391.pdf,
135,EFTA00003392.pdf,
136,EFTA00003393.pdf,
137,EFTA00003394.pdf,
138,EFTA00003395.pdf,
139,EFTA00003396.pdf,
140,EFTA00003397.pdf,"lc
"
141,EFTA00003398.pdf,
142,EFTA00003399.pdf,"“.., •
• •
)1 O. ob bob 0:6 4 .11.6 ° . .:& 0.. O '1 . 5 0 : & • 6 4'16'
' •• .O 41/ .••
•.
lI
• 41 . / rO • % L O • .O 4 •.. • • :4•••.. • • ` •b,, 4) • • p, ‘5 •. ••f•- „ OO '.AI .h . OO..
„ •.4 3 •••. ia 6 t °6 .4.4 • • 3. O ••• , O3 6•• •. 64'41 &‘ •
16 ti • •• 64 . •.' 644 4.- •••• &‘.•6 .1.4 1. •
K•••• b , •ts *O.,‘er •
.`•• ""* ▪•c • •
•.11 e. O.1.O3 ... O O. I„
r %.4 ..ro t e “ ...,64• •,:446
,1..)3..... „ O4 13. O O, 3 1•11
'••• 61 .4 L
••• • 0. ‘.
• .14 ‘‘4‘
2•3 •
'134%1 es a O .34.. ,•3.
6 . 41 r, , 4 'og... •
I„ r er ▪ •
4,•.r
.*.aeC ▪
•...).,
“.•,.`•, .'tpa 'a„
. 4 tr . 3 s *3 ./3 '4 O . t 4 •. 4, 3 ••g 0 o 41•6. • . 3 ▪. • • 6 .3 . 3 O3 • j 1 ‘ 3 4• •
1' O„ 1 •. rs.v• • .ss •••%•.,`•••, 's, 1 4/O
•s. ;os ""4. . I „ .13 '4 • . r I ' ••,i •
••• 1, '•, aa„ l li •••• •
• 2.s„ •-•• 5•ti • '•,.'
ts •
6 • '4 L ;r . P O, L3C:
.""•„ .'4 O 664...1.41 6
, t 3 • • 6 , •
rS 64 .3 .} •
' • '.4 1:1 • '6....• °....•‘‘••••_..14••••..
• ;1 • . ."" • •s .. . I '•6 ' • • '6 % .N -:.4 • ‘. e .1 . • . .O - *•• • •.4 b4. '.✓ 1 . .•• 'le k il b s♦ O !1 s .' ‘ O • .t
• • . .. : ` .. . • ..& ‘ ' • , I , • .% t.. 4 , 1 . % .... . '• .. • . 4 . .4 ..I.‘ 4...O . O , .ot 634 :44 O O •......t
• • g r . .. ' . . • •. • .. , . , . . ; . i . „ . ' . . •, : 4 • 4 . 1 / .• . , . • . • . ' ,. . L • , . ' 4 ' 1 6 ' . • i : , . ' ', 4 . . . , , . . . .. . b . .. .4 4 l. . . O 4 . 3 • i . • . • .. . "" . •• . • • , - • s r • • . •• . • 4 4 , / '. 1 O . C ti 4 .6. ' . , .. . 1 . . . S t3 . O . • , ' 4 O • 4 • 6 O • t 9 ‘ • 1 • 6 . . . 6 rO . .O ' ` : • . s + C . 6 • .. . & O . • 4 • 1/ . •• • • . • - ' : 1 - 6 * • t. .- . . 0..e41/. . • 4 . • . 6 4 • . • 0 , . • • • .“.
-:.‘°::,.o:;0%\......,••••„
-,.
14/s,,•.rs
..b •
41/., et
•
• . • 1. • • • t, 4 . ° • L,,f .t '°•
4 4relfer4,4041 eew
• r
"
143,EFTA00003400.pdf,
144,EFTA00003401.pdf,"$ermaraisisgamogiSsag""Siaitc•riomasnotwaomosamwaisatiass
"
145,EFTA00003402.pdf,"N t 6 n 7 i 1 O 4 : 1 1 1 7 1
S
t f 1 • • • I• i i f i 1 1 J ,iH 0
1
o N u w n o i> L »
,
P P I W I & / M 4 0 3 IT 4 1 4 I V I I n v
4
e l W - - n i . l - w tiW
I H D 1 1 3 • 1 1 4 1 0 I V I A o ""D V ` - ) 0 0 1 1
0 3 V
A
A
"" i 9 e ta llIt I . . . n . n
4
( 1 1 4
I
€
"
146,EFTA00003403.pdf,
147,EFTA00003404.pdf,
148,EFTA00003405.pdf,
149,EFTA00003406.pdf,
150,EFTA00003407.pdf,
151,EFTA00003408.pdf,
152,EFTA00003409.pdf,"""in
• ,
Fr 41. — 4 t • 1 1 rL
I. In IL .* V 4'. ,4 '6. a V : * •
* *, • "". •
1- S. 4. ‘.. 9. IV .6 tr .C..V 4 :tt •
c; i: 1[ r ° ..ve.a4 ,.1.1.e•. le a
"
153,EFTA00003410.pdf,"% 1. 41"" lit,ilos.ti 4 itilligit • :N.. • t ti
4.,
t It"" ,...
, 0.. it"" , "" '"" la Igh 4.- ir 0, . gar
V. at -11k i 4 lie Mt *t• 44,..OVINSP
0 i• •.••
4
0
. Y i NW 0 . It it Oh e• 1 014/ -I isk „ 'fi 4 b., '4'0 4 — 6 qb. 19 • . ' ' rt C e i t . -4: 0 v. 1 .4„,
411( -. 0, . ' # „ 1- • i * ; iidir .. - .. • d .:. .
i a . , .. ‘! '_P O "" . 4 14 10 f k .‘,."" -- iss. .4. -rn it. 434:/
• It, *
Iti *- 41 t
Pir 10 * se, ir tir 4 , ..4.
4e,
I, •- Al .0 -,, • 1. •
"
154,EFTA00003411.pdf,"ksi"" ItSg::
"
155,EFTA00003412.pdf,
156,EFTA00003413.pdf,
157,EFTA00003414.pdf,"`1.
"
158,EFTA00003415.pdf,
159,EFTA00003416.pdf,
160,EFTA00003417.pdf,
161,EFTA00003418.pdf,
162,EFTA00003419.pdf,
163,EFTA00003420.pdf,
164,EFTA00003421.pdf,
165,EFTA00003422.pdf,"b
•
'.lA
1
/
"
166,EFTA00003423.pdf,
167,EFTA00003424.pdf,
168,EFTA00003425.pdf,
169,EFTA00003426.pdf,
170,EFTA00003427.pdf,
171,EFTA00003428.pdf,
172,EFTA00003429.pdf,"a
"
173,EFTA00003430.pdf,"• * • • • • • *** o*** *
0
**
0
*
000
•
a • • • ******** *
• • 0 • • • • • • • I
• tE s 0 I f • II • • • ••
* ••a • * • • • • • • • • • • • • • 0 • • •
OS •I • • 6 • • • • • • • •
4 silf• • • •
•••
,.••••••••• •
,,••••••••
•••••••
••••••
si •
•••11
••••••• rs .f
.•• 0it•
-1—
••••
.
* • • A *.si
.
‘
. N .
•
.ae
•
.....
• ... w • a • •
• • .S • • a • a .a • • • • ro • .. a
• • • • .. • # • •
,ia • •
• • p•i * • ♦ . • .v .qa. • • •
a
7/ '1 • •• •• • • • °1: ti lli • . • • *
. * 0 y - 2 • • s • s • - ; c c • * • • 0 • • • •
. • 4 * S 0
4 2 se $
• * 4 C
1 a a a C a * ' a ' I s • • 4 4 . aO 4 d W l e l -. b *• t / 0 • • a w • - 0 • a w aa * * . . , C .-
"
174,EFTA00003431.pdf,".f
t;
is
on
q-iki
fis
fat
Slim
In
Om
"
175,EFTA00003432.pdf,"e.
• %%%%%%% %%%%% *pee.
% % l • % l % %l % • l % %l % %l % %l % %l % l% % l%l % % W l % l % I l % P l % V l % I l % I, l % 1 l % % l % l % • l • % l • % • % l • % l % • % • l % % l % % l % • % l % • % l % • % l % • % l % l % % 1 l % % 1 l % % • l % • % l • % l • % • % l % % l % % l • % l % 1 % l 1 % % l 1 % % % 1 l % % % 1 l % % % 1 l % % % 1 l % % % 1 l % % % % l % % % l 1 % % % l 1 1 % % l 1 % % % l % % % % l% % % l 1 % % % l 1 % % 1 l % % % 1 l % % % 1 l % % % 1 l % % % 1 1 l % . % 1 l% 1 1 % l% 1 % % l% 4 l % % 1 1 % % 1 1 l % % 1 1 l % % V 1 l 1 % 1 1 l% 1 1 1 %l 1 1 1 %l 1 A 1 %l 1 1 I %V 1 % . l t o % I % 1 T % % 1 % A % % % % W % l % % % • 1 1 % • % 1 1 • % % • . 1 % % • W % 4 1 % % I 1 . % • % l 1 % % . l % 1 % I % % % t % % ) % % t . % % : s . % % % % % % % % % % • % . % V % . % 1 % . % 1"" % %%
%%%%%%%%%%%%%%%%%%%%%%%%%%%%%%%%%%%%%%%%%%%%%%%%%%%%%%%%%%
"
176,EFTA00003433.pdf,"~.
"
177,EFTA00003442.pdf,
178,EFTA00003443.pdf,
179,EFTA00003444.pdf,
180,EFTA00003445.pdf,
181,EFTA00003446.pdf,"NINNIIKV
"
182,EFTA00003447.pdf,"IIP
"
183,EFTA00003448.pdf,
184,EFTA00003449.pdf,
185,EFTA00003450.pdf,
186,EFTA00003451.pdf,
187,EFTA00003452.pdf,
188,EFTA00003453.pdf,
189,EFTA00003454.pdf,
190,EFTA00003455.pdf,
191,EFTA00003456.pdf,"k
"
192,EFTA00003457.pdf,
193,EFTA00003458.pdf,
194,EFTA00003459.pdf,
195,EFTA00003460.pdf,
196,EFTA00003461.pdf,
197,EFTA00003462.pdf,"-
...
.
r
G
.kr...
.::)~-
"
198,EFTA00003463.pdf,
199,EFTA00003464.pdf,
200,EFTA00003465.pdf,"ran
;•••• in t sir A klir
"
201,EFTA00003466.pdf,"¤1
-,s' •
e'e
• 4..
Sc
•
'I! 5.1-
-A, 4'4
.-^,• a •
"
202,EFTA00003467.pdf,
203,EFTA00003468.pdf,
204,EFTA00003469.pdf,
205,EFTA00003470.pdf,"a
"
206,EFTA00003471.pdf,
207,EFTA00003472.pdf,"14.•••••411~•• ••~Sfin•••••Swas ts
•
«emir _ SW _ _ . - — . - —
,
e
s
i 4 ? Z 1
,
n M d I
e
a M 1 a l
r
/ d O n e t 1
,
1 K i i i I
,
a t , s 0 O m w n i l
""
r I s • r e , I i . e « "" a I e b f N a i s a w n l n Y a I I "" t n t
,
N l , I 3 i . * a l a . l I ! m • l M I
,
. r e +
‹
W
e w I a a "" , M l I
:
t g a s m . l t s
i
a l e I •
\
i l n ' l e I M l l s I I n i N r 1 M i , a i A l a s I n i 1 I I a g m I M I r M s . M l m a t l e 8 I i s M a t I I s u 1 O m i N a N * n » i 1 I * m I n I n t N i * 4 r i a o a e * n t a 1 I * * n i l F n r n I . l a e f a e a n g n i • l a r t I a o s s t i I m s l e t l m S e t l I i a O i s m a a e l r l a i M W s n t i s a l a « r a d i a e t a l M I r e n m M t • r s a u = 1 0 M l t 1 r a e n 1 0 O 1 s l g i 0 I I 1 t I I s i 1 N 0 a a M 1 o M a 0 0 n 1 I • n 1 M M a a a 1 I 1 a i I S I * m * s a I g l * a l o t * n , i a n m * 1 r i f n * s e E a a * n e a * n s s r a * a a o 0 * L a 0 O * s 0 n a * 0 W 0 a 0 « 0 a w 0 M 0 m a s i o M U 0 n a m o O a 0 M i 0 W * n 0 o I O 0 l W s * t W a n * u W e * s a i t * I m t II M * n W 0 i I r M * 0 e a e a I M M 0 I l» S n a s m 0 M I e a I a I 0 I I a I 0 s . I m r I I N a 0 s I I e o l 0 a l I a a t e o I 0 I n • M i M I m 1 l s 0 I i 1 s M i S 1 a O 0 1 s i s M e 1 a l l M 0 e l n i O i o I s f 0 M I i S i l S A a n a 1 t I O * I 1 = s n n M s M • 1 e n e 0 t I 1 n i I a 0 a o n $ 0 l a g l n « 0 s a a i 0 j s a i i w a l m n i m a f a r i U a l o a i l r a ! I n a M 0 i M r 0 n a 0 i a I 0 m I z O 0 N S 0 n s 0 i N I b 0 a M 0 o s 0 u . M 0 I e l s I a o 0 "" b 0 I s l 0 . l a 0 s , a 0 , a 0 M l 0 a a 0 f I 0 l e a N 0 , . a I 0 I M S f 0 a . r : I I o n s M I y a I o I e M I a n I • n M t * e O S a ~ s _ I r S i i I • m I 0 I r M I a 0 e . e i I l l 4 a M 0 n it n 0 e i % i1 I n r s n 0 e e - 1s 0 g a _ 1e 0 - i1gr 0 o a s 4r 0 e anI 0 r niam a - al _ , t a _ e _ _ n a _ n n _ s a a _ s n _ m a _ z s = e p % ar i o t , s . s~8~ F ~ sessn - . u garnalli _ ____
"
208,EFTA00003473.pdf,"XIIITI-Ek
m M I l a a i 4 e - M ‘ e i n m k . c e U . ' . i O , r l o T , a * T l 1 l I m ,, a i n L i W t ' m l J » e a i l E - t . U n t R a i i a l * s * l » , 5 a i I M , I n s n w a n a a i * s » « I o • o t t I i i M . m a I r i I n I I 1 m 1 a s a I 1 I a l t a 1 n w i I i n 1, z s 8 a i ~ n a m i a e « a s a a i a I l f I I s l a n I v t l I a t N a l s a I l t e s l i i l I a n l s n t S i N i a s i t a M a I l I s i w t M i l N N v s l a a I l e e I S a l s e I L N i i I N l l S w n l « T a a i I a i t I i n i i M Y I M n O N e i l t I l n a L r i i I a a s a I t n S e a M n I a l i a l i s e m e n a * m I a m i a I a I l i n t i i m a a i a n i i s m u l i a * a s a l o s s » a e I a i ' i « I i a n n i s W s s t I w i a I a e u a i N i r M a m n a ~ s t R S « a s s m a s 8 a * U , t 1 a a a m s a 4 M i z r a m n i n 1 d a a g * n 1 a * a i s I 1 n t a a I I a . e I R E 1 1 I • m a n r I a 1 N 1 t r a » i a a 1 / a t s l a a I i a a 1 l i M a t n a n n . l a m a 1 I i a l i I O t a 1 t l a m a N n a M 1 a M o m M O 1 i u a m 1 n w / v I e a 1 1 t n s i 1 i t a a 8 l e n 1 a s l « a i « 0 I n s s l n u 1 i m a a 1 a a s a a r ~ t m W s I l s n 1 e a I n l e 9 1 t l M a n 1 s a a 4 i e s i 1 W e n n a 1 f s n 0 i a m w 4 l 1 s s n l 1 I ~ I i e u 1 G o t I m a 7 w a 1 u e I a n 1 M t 1 a e I s n 1 K z e a a 0 I M 1 n n s I 1 l I I n 1 M a n 1 a a B o I 1 M ~ i n 1 n I s a I M 1 a A 1 I a e 1 a I a I 1 1 I s n I t a R n 1 I I a n 0 1 s I I a s 1 r a 1 a I I a s 1 m a s a a H s m a n a a I 1 e m N m i m l I 1 m I a s I i1 i l i « g m n l . n 1 i a l e w / e W l M m e e a s M i r a i l i n g l i s e y a e . i f a I g f s a i t a i l r lm m l e a ne a m l ia g a w rr e a a r l l m s l a S a m a i i n r e t s i N s i t . r .. a ra ."" i.. ' . n ...t u i. . t .t t ,. . r 3 . 1 „ 71 a / s 1 i 1 i s s a s i l s us t I r ilnili e n a m i ~ il I m 'M ia lS. astienr
NS awl&
"
209,EFTA00003474.pdf,
210,EFTA00003475.pdf,
211,EFTA00003476.pdf,
212,EFTA00003477.pdf,
213,EFTA00003478.pdf,
214,EFTA00003479.pdf,
215,EFTA00003480.pdf,
216,EFTA00003481.pdf,"難
"
217,EFTA00003482.pdf,"赛
毛
＂
飞
坠
一
"
218,EFTA00003483.pdf,"la.
all
"
219,EFTA00003484.pdf,"111111=11
"
220,EFTA00003485.pdf,"virigralt ,. __""___1_:
--tooleta ----
,..0
"
221,EFTA00003486.pdf,
222,EFTA00003487.pdf,"10,/
4440i
Ogirc
sf
%est
""
t$,PD5r
h
/V
fis
• j e,,•
""et
7
•-•i-tsiz
2
i x i
st:
"
223,EFTA00003488.pdf,
224,EFTA00003489.pdf,
225,EFTA00003490.pdf,"4..• a e, , •.. .. • , , - , .. . _ :, ,. . ..w.,,.. , ...,• ,, . , ••
• •••
1; 4r 41 • Kilb""1: 1 1 A
a f .• .: .• • 10141 ."" ,mow I ' I I t
_i r • . • 1 i 1"" i, • . ' • . • .a. • . 0 6 . . , I N a. • I I • • . 8 • . i . i .• • • • • • • , 4 A . f "" k 4 . 1 r . e - A A •• i • t 9 . • , • 0 . • 1 ' . 4 1 t , . 8 i • s • • . •• * I # 8 1 I 1 Il'* i I t A • . l . . • • . .I . . W e i . , t . ( i . f v . . l . l . • - 1; i 4 i ' ' • . "" ! • # . . - 1 - 0 V . A
A. go • ' .• • e •• s = . -4I It' •C .. a ., r , • * , - • 4 • a • ..; . * ' siv*: ._. wflie •i ito • 8,
,... • ! • • "" ,. • - , 7 & • ; •. N & i? • e t - • g .; I S .. :. . .• it se . I. •• .t •w • • .. • ..., . • It 1..7 1
. a 91 - . 4 4f • 4 • . : •z i t ; ' Ic ', e ' e I b P - ..
or 4 • r i • its..0*6.. ••
4 7, SP - .• Or • 7.w.
•
4%.
"
226,EFTA00003491.pdf,"r-
"
227,EFTA00003492.pdf,
228,EFTA00003493.pdf,
229,EFTA00003494.pdf,
230,EFTA00003495.pdf,"17""iratr;""
4 • -
't 6
4•
V.'
• - -
"
231,EFTA00003496.pdf,"4.7
•
(
trilrftt- •
-
. • - • • .
;-•••••
2,44slimareNC -Tram..-
- -
•
• s 020
.
-
••••.
-
•••••-- - - -•- _
4'
"
232,EFTA00003497.pdf,"at: a
•
Illilledia"".1;eg Jimiassw-
"
233,EFTA00003498.pdf,"•
"
234,EFTA00003499.pdf,"4
1.
r
_ 1:(
•
•
; e ito ei ••••
'
V • . • .
• 'I
.. .°: •. .1'.` *.- ,.4 - .re,
. i 07 •- Yat i ° I N •••1.1.. .
1 %... 'W:\ . ..s
i i... i t 1..'. • • ; tiro • ;. a.
ii.. ,...57...rii:, ? ,
I .. . . ' . . 4 4 _ - - , ' h :. F ' '
et' A. 1 7 try • .:.'.i,€ . 4. -
v , l , it • g.4 '.!.' .-
qf or . AO r j.' - .. 4.r• .• ‘
t s't ;•• r • •., .
'fit
%Ts. f .t
a"", • f emi eriNe,:h*. •."".• .
a eatt e ek ., • - ;4. 7 ' awl!. • ,44:4 4 -2%1
Stit • • ; ..16,44 • ' •
, • -
0 :1 16 - • r •• ..- r
ns taz.""‘..e. ' rt..`ekiSsac4 1.;
"
235,EFTA00003500.pdf,
236,EFTA00003501.pdf,"_
"
237,EFTA00003502.pdf,
238,EFTA00003503.pdf,
239,EFTA00003504.pdf,
240,EFTA00003505.pdf,"..,Acten
"
241,EFTA00003506.pdf,
242,EFTA00003507.pdf,
243,EFTA00003508.pdf,
244,EFTA00003509.pdf,
245,EFTA00003510.pdf,
246,EFTA00003511.pdf,
247,EFTA00003512.pdf,
248,EFTA00003513.pdf,"Behind i
Cold Stone
"
249,EFTA00003514.pdf,"+rum.
_
ear
••••ay....saa ropy'
- a
•
"
250,EFTA00003515.pdf,
251,EFTA00003516.pdf,
252,EFTA00003517.pdf,
253,EFTA00003518.pdf,"- • 4;4 44 ....
, ""jet * • *
•
• .:•*: ra;
"
254,EFTA00003519.pdf,"''\IIR
"
255,EFTA00003520.pdf,
256,EFTA00003521.pdf,"„ c""••• mc r ric..~~• %ex •
--'• git."").• • Cr r . ikl:
.4616.14: ' i erf wtIS),-41•:"".4
Ifrot, a , • -,16! •IS O•
1:Wi ebe‘f 4. ' -^ '-:
' '' -,1$t* - -""' •' or' 5 fe 7 ,..• ••• 't • Pi.r 4
1c•Peti.. - :4.44r•; - - 44
Ai
Iv 4
144. • : . Ilk
"
257,EFTA00003522.pdf,"_ . , _
• O. ire- 1
,..
Elf C. :M.- .•••
• ""li.t , .1 1"" 7- .-• S fw * q
"":1,..41714 - •7 • ' •• • . .
n` 1,•1 1 eta ri I: • • .1. '
t'lr • - • '• ki P '.a.. el. .... .... '
'.
"
258,EFTA00003523.pdf,"... or, •
., -- ..,,,:.
.A.. ..
4 v • s r .1 r_ . .1- • ' IL 4. -- : - t 4 -- . ;MA .. . - • • . . ' . . .t .. .. - . .. .
. •
4 . 0 41 * . ...-4 ie-.. .• .. - it , . ..4t. -:
... ..e ......„....... mpr. .. IA :‘
- ' 7•
•
_. „"" ,, .....--.. rt.,. -...,•,.,....-_, -* . • t ... . .. -2 .. : .. . • .
A • l lir . • 4- .. 4 ... - . - • 4, J "" . . 4 . . a f t. • • 19........ <id( -t; 0_ A : ; 4 _ P - a C 4 t 1 ;"" - , . ' ; : . .- .. _ .4 - .. .- - ..1 - 2 :-• , . ,„0.. - . :, 4 -_ .,,a . ', . ' a . • .. a . c '• . **, "" _ U ,O - . t A a p . e .. 4 -E C ' - ..4; I I. : 4 : 1 .- ' - .. . . N .-, I . . "". -. - • • • • • • I • . ' 1 • . • . •• • .
OW ... - 40'.„ -- .4. - a ...-.2.,.•20...._ - •
i 1 •• --- •"".• c 4•:- .
.. 4 • . . , .. -- - - . -iii . .f....o,_, . .....A..t,.. ,!"",..„.. ,.• : •• ,
. - . - -'112/•0007„....- at"" , - - • - - .0 i - r : r : . _ . t• - •• • • 7 • 4.- • . • . P e
4 • - t - - ,--
-Iiit d1%.• - ,- - - • ,
4/ .. , ....... :.""
-4*. - n -. '---;: e.'' I: I 1
v.t. - ..
gic
"
259,EFTA00003524.pdf,",
"
260,EFTA00003525.pdf,"tore_ -,r-tt,e14....,
• '
- • .--
' 7.""47.):
"
261,EFTA00003526.pdf,
262,EFTA00003527.pdf,"eta
.13
EXIT
"
263,EFTA00003528.pdf,
264,EFTA00003529.pdf,
265,EFTA00003530.pdf,
266,EFTA00003531.pdf,
267,EFTA00003532.pdf,"• :• ""541,1,1""
;::--;::
TEPArip
„re-*
1.0”
•
DOOR JETTISON
PROCEDURE
Lie I DOOR tote
I- putt COvtl.
0- LIP I •110 HANDLE
I- PUSH 0004 HERE
14
r
4
"
268,EFTA00003533.pdf,
269,EFTA00003534.pdf,
270,EFTA00003535.pdf,
271,EFTA00003536.pdf,
272,EFTA00003537.pdf,",
"
273,EFTA00003538.pdf,
274,EFTA00003539.pdf,
275,EFTA00003540.pdf,"""it
"
276,EFTA00003541.pdf,
277,EFTA00003542.pdf,
278,EFTA00003543.pdf,"is
"
279,EFTA00003544.pdf,
280,EFTA00003545.pdf,
281,EFTA00003546.pdf,
282,EFTA00003547.pdf,
283,EFTA00003548.pdf,"0 hi ; .17; ;IN.4 141ii
-..•1••••• r emir a A I s „;
"". 4 'a t:- t • • IAL • • • • • • • er.4 yr • • a. t ail
•• - ac••• 'Ps - 4 ti. •011
- •
•••• ;sittAf-elit"".;;; et ads'
•••
"
284,EFTA00003549.pdf,
285,EFTA00003550.pdf,
286,EFTA00003551.pdf,
287,EFTA00003552.pdf,
288,EFTA00003553.pdf,
289,EFTA00003554.pdf,
290,EFTA00003555.pdf,
291,EFTA00003556.pdf,"1
Sul . . -..-
1, 0 „ 1 :"" . 11. ., "" 2 A . ya• v- .0 2.. 2, • .I6 .p: ,O li .150;1
1,.17, I:.* .• . ,
• ./ • . . K : • „ : e „. s / t a fe • ,- , • . t , t I . l 0 '• t 5 • .• . g , r S : • , r, . •, * tr • .. r - , • - ; 1, , * "" - ' : e - t , . _ , "" : c 1, c n , r . . . 4 - 9 . s r e • ' -- : 1 t , .. 0 i 7 s • r - r - 4- . - .. - • . ' • ' • • - ' • ' . C , r - • . - - . , ; • ..""4 g I ' $ t / ' - i 4 l . l 1 ° 7 . i f . • 'a i Y ,• e :4 . 1"" 71 •' -
••
.4.
, . ,40 a ' le: 0- sr; -(4.,irl • c /r . "" is• , a. ;fO`1 • , .. —t •
er •• •••‘r..""."" , e"".... . .:1* • •... `el re -;4.,- .- ;ft 1 •.s
•••
"
292,EFTA00003557.pdf,"""f ~ f}~.e f.w i a< i.
a~i..d.~A~hA..~,3J.s.4..?.SW,
"
293,EFTA00003558.pdf,"-r~`: :4
"
294,EFTA00003559.pdf,
295,EFTA00003560.pdf,"SRI
"
296,EFTA00003561.pdf,"wai.l..,
. _
7014i,""›* ""SI
"
297,EFTA00003562.pdf,"4111IIIMMIll
"
298,EFTA00003563.pdf,
299,EFTA00003565.pdf,"r
"
300,EFTA00003567.pdf,
301,EFTA00003569.pdf,
302,EFTA00003571.pdf,
303,EFTA00003573.pdf,
304,EFTA00003575.pdf,
305,EFTA00003577.pdf,"• •
I_ 4
• •
I •
•
'la •
••• I
thr
"
306,EFTA00003579.pdf,"'
"
307,EFTA00003581.pdf,"I
"
308,EFTA00003583.pdf,
309,EFTA00003585.pdf,
310,EFTA00003587.pdf,",N
I
"
311,EFTA00003589.pdf,
312,EFTA00003591.pdf,
313,EFTA00003593.pdf,"tl•"":""Xii2Watitg
•4 WC"" %
•% fik Os%
P-1.4%,:reek,:t""7 :1-f.kt
"
314,EFTA00003595.pdf,
315,EFTA00003597.pdf,
316,EFTA00003599.pdf,"A-71
?-44p.
"
317,EFTA00003601.pdf,
318,EFTA00003603.pdf,
319,EFTA00003604.pdf,"0."". ... '.I . . •. , • • • P .. o .. . - . . . .... . .... . . . . .. . . • . . • • . . i.•• . . i • i t . . . . . • . • . • . . . i . . • ' . . . . 4 • . . ' . . . . . - . ' . . • . . . . . . . . . .. . • . . . . . . . . . . . . . . . . • . • . . • - . • . • . . • . . ' . . . •• . • • . . . ' . • . . . • . . . • . . . '•. . . l : . . 7• . . 1 v . . 1 •. . • . • . . i
riA
"
320,EFTA00003605.pdf,
321,EFTA00003606.pdf,"Om-
•
"
322,EFTA00003607.pdf,"4.4iiptt -1,4601inak-
Zg6i,
a . • frt. it: 6
•
d*Pl it •ff Lir
ale
%a-
s •
aka
IMP
""SW.
444 4;.
- • _
• - fir
""orb.e?•,
AM/ ^ ""
1.1. • -
"
323,EFTA00003608.pdf,"-41
•
itk
ed_ateafr "","" t
ti,..
r r
k
at,
- - _
•
•••• ••••••
Mk.
asp
4°.
"
324,EFTA00003609.pdf,"—)fN at.
"
325,EFTA00003610.pdf,
326,EFTA00003611.pdf,
327,EFTA00003612.pdf,",
- .c)rx• -
11
••
y e 9.1 A~' o • w - , • p • ;
""4 es, L kJ- sae rw-
de 4.
S Orli •
• cf•-•""-
e
•••
sw
-at
a
"
328,EFTA00003613.pdf,"w.
t 'ea- *S . P.
'77•••,
• al- c ralw a ""err
amaiyitr- -• •
a
•
• • •
•
A •
•
pm.
-a
•••
"
329,EFTA00003614.pdf,"-
Mik
-
"
330,EFTA00003615.pdf,
331,EFTA00003616.pdf,"Alb
"
332,EFTA00003617.pdf,"• 4.
Sita rri W ei°
4101.0“.•,. I
S
• •
s .
111 . 0 ... 0 . "" • S. . .• • a ' • - ' , ..- I- Th'ir 05., • -1 k , b _ .1 j 0 i ‘ e s k ""OP '
''' ** ••• ' . I- illi - cy. • -s:-• ' -..,st. '
• ........
Asit--- samiCA jsit it . • e -1640 r. - gitr ti: -"" ti i
• Vratiltiet fraiiitita ltromkinnia.. • „.
- .
%.‘
411
e
,•••••••
"
333,EFTA00003618.pdf,"••••,..-ro• _ -
AA.
'NE ,I
?Ai
•
• 2*.i. tHiItE 4.0•4 0411,
--wrt
O.A -* lett: 4"" . . 1 .. ""‘' 'fah • ik
•
S
-si
}Pt is
IP•
.
01: s ift s e* ••...1.1eir air
• "".••
,♦ egg t7-3. o A w L: . • ..- V. ba 4• c •• ; tr n -fo ‘' l . e a •
, -Mr • 1_, • r 4 . •s• • 1*Si a- 1: A• it • se, de
-401 finai atb•-- 0.4amisIC,40
a, • S
.
I
At •
•
- •
- - r
al. 4
• • 4...v.taaisoss •.' StletalCe.11itannhiler- • ' ; , nuaan lglOrit* t•-r
AI. a JAL .
--* • -4,*4 -'4,t-istiki.cyiat.• uirkr:• • d.
t
a
.4( lit -10
•
"
334,EFTA00003619.pdf,"aitrits.t.• .4 di. Vie
ez. a.
•* -1**!‘;••-•
• *
arek4004.
*es< obt Yr ai r -;* *1
r_ .• ' '
•.2C
•
son
a
"
335,EFTA00003620.pdf,
336,EFTA00003621.pdf,"is
44.
'CB
"
337,EFTA00003622.pdf,"-kb(: Or t ts-tlitr Mbc . :••• 12its lort. - A, r„altioykir- - a mo i • L, ik _ • ‘ra
'enema, ,,,mann•Sesellinip„ enter ""•-mor'elfax.: elp agi
a MO • • a • afik
Iv
a
sa •
•
4
Or.
Oar •••••
Oa SIP 4
SEW 4
"
338,EFTA00003623.pdf,"Arnmea,ank, ...Th. is —_-)..a.sworr-- ftraltarrik
-
a ire -deb, rnmedarhiattes‘all.,•
•'•:4;7 ft. • 00""l ikc •Oft. :41lb , ‘.402• •-•.--4,01PI N
a
r
ait 4., ::cs- • _ 4. •
k.
4.
4
•
se •
-
•
•
e a
"
339,EFTA00003624.pdf,"air Sae° lir faint Ala.. !OS ,••-
•...""1106 ^ a sot “ - M t ati.
.? fe lt
0-
.0(
"
340,EFTA00003625.pdf,"MP
ft
•
Sf
"
341,EFTA00003626.pdf,"ikp
•
'‘‘.1441., - •
6
"
342,EFTA00003627.pdf,
343,EFTA00003628.pdf,
344,EFTA00003629.pdf,"- 10
•e(9"",r4i'f:. *eye
e - f
4.01.
•
sew
• •
'
• -t:t•
""4-4*-111.1 4. ::frter.ZT-le..;) 77:::11••C ittl:e6*i t 4 .
Zit Itre
•••• Ay • e :ee:Q4C4.14ti -;- ;;-4int i 4•0:
lelf,„0. • '
rot!
ft, . • • •-•4 4 2 , 7 0 y-s ! - ?""4:-..e.
414•-• • -
44- •••"" • • ,""•00-:• tt • -
:
•
•
,
lkgr4 ) • ""In
""603:12IlkWrii&air,a
•
re
vs
S
1' a •
'et • 7.•er
"
345,EFTA00003630.pdf,"ow' -.,:::- :e2!•,.,..,.,.4. ,7*.-
.443110 ea'
•
• b '
' •
a • •
mat
• • , - - ..,:e--9:[:•-, - - .- -•:- \--;-;Criebtaisi:l
cm‘—`""-.- •• c • • • s 0 "" "" . f . ' "" • ' a ./ -- • - ! C • -... ,,- . — , 1 ;<_ , • * ';r.a _ a - : ...?: .- 4--rv.:%""-: . .y.,•••••-pr‘og-c ep:r. -r--.-/-' . % ._,_ . .. , , . rt. • • t r I • o a t ? . z , f . ; a . a : ≥ ; i : . - . ! l i . e "" • l , i 2 • . . ' t t . . . . . „ ; t . e - - . . i • • . n ; ‘ 4 - - : ‘ : • ,a • . : . : • : . 7 : . - . t . Z : ' . z . : "" •. . .4 b a - ' 2 , 6, - z- • : „ , : • - _c - 0 a -. - a • • • - c n • ' . i v a d t l i i rA a i ., i k c k a k . 4. k . a -• e t ' l . .. 7. P a . l - n o . i ' , r c . . 1 ..-. . , ., c , ` i . . . . . ' 1 . . 4 . . . . - . - . . ' • . ‘ - ; . • 1 1- - ‘. r C - - ' w - A, - . -l • - e.. • y - . • - • • .-I • ' 1 -• - t , : : ± • , - • te • ; . - ! . 7 : a . • -7 • , • 7 • • ' n - . : . ' . ‘ . • - . . . V 7 _ - : - y ' - "" ‘ r , • e ' "" r -* C -• ' ' "" ' • ' - a - ' . - 7 ' • : - ; • ‘, - r ja ' J '' s : t _ : ,••2 . F .. 4 . a . 1• .. ; i 4 . :7 e '
..,,, ... • ••g-
--, , ,d, 24, tifr '74% 1.:-:.- . '-%:t 1:-: •:."":- ;7:tt-Cit : - a...-. .4, , . - . - - , . , - _ • . - . . - 4-4 , . ,.:-. % .. . a ••: . _ e ,- a - r •••4 -- •- . - 4 r . • - ,- "" - -at ' t . , . i 4 V ,•: . -_ , % -_ -
'
•Ztiatr • ;14/ C1' • •).)••• r •
•
• —I'm?
••••• • ••••' -t -,.. ' . . • , . . - .4;
. • 4 • • -Iiii• .f .„,••`••• ,,;-.. , • - -)
'4, '''.7::: '•'i :_,_':;;;3;•.••••ta v•
ic.j- , 4 , .• 1 1:7 ''' ' `.1L4., 1st
%ar.- 'z' -% .41, ‘ '''.•1 .t7s,*!•.:‘:4:-..e.: :124
A.
"
346,EFTA00003631.pdf,
347,EFTA00003632.pdf,"0 ,
)STATF
INHEWb
.44)
1.4i.
wai
NE 1.14
NES
lot
tursuisiga FIR
1 1% luanthemol AM,: elSTATTONERV
•
,4 ••• ,
• .
•
1144%,.:
• • *
$
• a * Si
•
Jr
"
348,EFTA00003633.pdf,"1 • - 1 g : g g i ,
z g f ; ; o
/ I F I i . p i .
1 a i , : I
, ,
I I I : e I
;
' ;
I I .
I f I I
I
: •
I r I 1 ;
' t
I
r I
I
"
349,EFTA00003634.pdf,
350,EFTA00003635.pdf,
351,EFTA00003636.pdf,
352,EFTA00003637.pdf,
353,EFTA00003638.pdf,
354,EFTA00003639.pdf,"•
•
."")), Ni•
dra
a a Ci
"
355,EFTA00003640.pdf,".its
11/4
"
356,EFTA00003641.pdf,
357,EFTA00003642.pdf,
358,EFTA00003643.pdf,"•
"
359,EFTA00003644.pdf,"•
"
360,EFTA00003645.pdf,")
s a
"
361,EFTA00003646.pdf,
362,EFTA00003647.pdf,
363,EFTA00003648.pdf,"''''
"
364,EFTA00003649.pdf,"(≥‘'14...<;„
"
365,EFTA00003650.pdf,
366,EFTA00003651.pdf,
367,EFTA00003652.pdf,"甑
连
泰
崦 囌
瓜
驪 靨
斟 雞 蕊 ｛
: : I ．
點
．
: ： 抚
奪
;
封
;
一 一
一
对
麟
l ：
麟
.
…
…
. . .．
.
＂ . "" . ；
． 一 ． . .
· ．
鱔
…. 一 扰 扰
. .
L
. .
籐
訌 ＂竺 … …
: .
i
夕
／
：扰 … …
…．"" 竺
广
辛
荚…
．
．
番
…
…
笈 ．
扦…
:
訌． …
布 …
濰
烂 挖
.4
：韃
弓
．
薄』门
＂
;
．
一
.:
呓
唇
…
"
368,EFTA00003653.pdf,"-,1- . slice, -,0,40,Z_ -1-1.. --- •_ I • ... • I' r e • . 404 r• P. 14 's. i los ' -ileit r- I II:„a .„ ; 4.4
-5•400- rri
•
t-e
.
-%-
-
• • •-' - - • ' 3Sr- ' ja ihr it ' • ''' .
.
""...
- .- ....
.. - ''' 7 s:'' 4
a
.
.
1- ' '4""-.41;.. -.....
I.
. ell
•
ir 'N.:I
a l
1
,
.!
,
'....1
..
1,1•Ibroy; -
, I ‘
-
ad,
...4.^
- A•ra
r.
a ri.
i
.
. ..fi - .1 . .4.••
-
.
-
. 4 . 41 ..a . _.*i.i."".""4- .
•
. .
'
.,
i 4.
I
•
ag., Afra ir . :.;*te :
...r. M`
C .4, S 0.11, 1112V -4 . -""MOISirikippens.710--, . .-
4rM - .: 4. -• Alat . t_ -a-
tie.. :ii. a- .R - - '0. ,/.. fre Th r -I. 'er fl p% ..""
ra.:::!prijN icio W ta•rr- APO ). ,..eb . . ...
::""
.4. ' • •• gAr"",_.
*A .. k .. r e . • ..‘ ''' -,. • V t'-`..40.'"" ' --
fi
"
369,EFTA00003654.pdf,"- • •-• •
11-11/
r
/T. r- •/...-•!c
- .
:4..-;r2D-;-,. ;ivy!' -• -
st-ligilia""...c,- - ••••'fr•'' ••'' • • "". 7; 4141.4• •••...
•
•-•-•
•-• •
—• • • •••• -
hiVI•C'ec .4: • 1' -t : • ••• - • ..,••.• ; •• A •••: : ""
••••.-.-.‘• • —• _ • ,
:4er%, ••
per
F^ titcti
•
• .-441.11_*-4, •
"
370,EFTA00003655.pdf,"-,;!7•14
.* i15: 1 .,..11,1.1•—•
. ,
1
.. , "" .. .... ..
.z.
c ,,tta
• r ,. .-=S .T :.•-..
. ., ct
0- .'seR— y.t
"
371,EFTA00003656.pdf,
372,EFTA00003657.pdf,
373,EFTA00003658.pdf,
374,EFTA00003659.pdf,
375,EFTA00003660.pdf,
376,EFTA00003661.pdf,"•, .
•-.‘t
• t
it-- • d •.ft ,,
_ • 1. • . -r. & it--•• •• •
•
• • _ •
S.
••
.• •
7
•
• • • a•A *
•
• 11, •••
"
377,EFTA00003662.pdf,
378,EFTA00003663.pdf,
379,EFTA00003664.pdf,"./
------
"
380,EFTA00003665.pdf,
381,EFTA00003666.pdf,">
:ja= \
r‘c-
•
• .,•••• -
•
,0•• mor • P • •
se csa. • . e . _ -1...e. 4
. tor""' • -... """"'"" AP Or a • e • '""' ar ...""-,.. w
' .p, ,.. .. . .t. - . 1 . 0 • . 6 - 4 ' r . . . 'a . t , * . . . ' a - . . _ . . c . - _ ' e ' c ' _ ; a * . "".. ' e's .
ti
"
382,EFTA00003667.pdf,
383,EFTA00003668.pdf,
384,EFTA00003669.pdf,
385,EFTA00003670.pdf,":it • • • at&
•
• a • -
•
"
386,EFTA00003671.pdf,".4 N,
"
387,EFTA00003672.pdf,"sI-.
.-
,
.t
GItfgirli.
-PAL
,ma
•
,tr-
,.0
-••••
...4,.
kli
.%..-,-,•,--!
,.....
%.14,3.ar“J
•
;
-4
0 .,
• , ,•. , • ,,
. . . •# . : . • , • - •-•
‘
•.-
k , , . , 3 .
.
k ' -
- . A Z •1••
•• • ••-
-VT-.t..
a••r
-
. • , n.
* ,:S
• , O - . S tN
'""
' . "" ; ., t .
i ‘ t
C \ \•
tilA
. •
,
,
'
A
'
"
388,EFTA00003673.pdf,
389,EFTA00003674.pdf,
390,EFTA00003675.pdf,
391,EFTA00003676.pdf,"O
4 4 4
4 4 4 4
4 4 .4
"
392,EFTA00003677.pdf,"010•44041•40.#44
'44 lbt.a""r '4-
'40404040444
OK*.W Y•041.44
tt4K41414•4447440
IAN'it.041441.-01
X 1t tte-.., I 7-
.04t404*K' i'=41k4
ot.k.4>4.-444
/4,4
'4 I t-r I I
114.4.1.`K'&44.;'!.0 '&14440
*:,-77u:4.1. ,
N.A4r o41.f,44 .;.#4.74
1.,X*44 41: '44
0
.44K•04'444t140#9
tr4.1•444*4,4)Y-14 1'4.1P
Acitt4I tIci I....,
s~cNs
.7$404147.-R7P
tc1L
•4c
7.2 • ..t.
"
393,EFTA00003678.pdf,
394,EFTA00003679.pdf,
395,EFTA00003680.pdf,
396,EFTA00003681.pdf,
397,EFTA00003682.pdf,".44111/44/**404
"
398,EFTA00003683.pdf,
399,EFTA00003684.pdf,
400,EFTA00003685.pdf,
401,EFTA00003686.pdf,"ant 0101011g: nat.]
"
402,EFTA00003687.pdf,
403,EFTA00003688.pdf,
404,EFTA00003689.pdf,
405,EFTA00003690.pdf,
406,EFTA00003691.pdf,
407,EFTA00003692.pdf,
408,EFTA00003693.pdf,
409,EFTA00003694.pdf,
410,EFTA00003695.pdf,"*
"
411,EFTA00003696.pdf,
412,EFTA00003697.pdf,
413,EFTA00003698.pdf,
414,EFTA00003699.pdf,
415,EFTA00003700.pdf,
416,EFTA00003701.pdf,
417,EFTA00003702.pdf,
418,EFTA00003703.pdf,
419,EFTA00003704.pdf,
420,EFTA00003705.pdf,"C
"
421,EFTA00003706.pdf,
422,EFTA00003707.pdf,"211 2:58PM
"
423,EFTA00003708.pdf,
424,EFTA00003709.pdf,"r
n
"
425,EFTA00003710.pdf,"''Ac,?44""‘.0""&` e"",.1
"
426,EFTA00003711.pdf,
427,EFTA00003712.pdf,"1
0
"
428,EFTA00003713.pdf,
429,EFTA00003714.pdf,
430,EFTA00003715.pdf,
431,EFTA00003716.pdf,"2t 6:L 2dliP
"
432,EFTA00003717.pdf,"'WV
44
FS
'
a
."":44
its%
dra,
Ira%
"
433,EFTA00003718.pdf,"Y
St
"
434,EFTA00003719.pdf,"4
♦
• 414 p
4
•,•
• 4
graN
"
435,EFTA00003720.pdf,
436,EFTA00003721.pdf,
437,EFTA00003722.pdf,
438,EFTA00003723.pdf,
439,EFTA00003724.pdf,
440,EFTA00003725.pdf,
441,EFTA00003726.pdf,
442,EFTA00003727.pdf,
443,EFTA00003728.pdf,"stilifichettiowes*t
cscAvesolyaslitaiitiftstkweaciaiTaimiteitairasathak.01.
•
tiro
at
"
444,EFTA00003729.pdf,"25
1:35PH
"
445,EFTA00003730.pdf,"} ’ 蠹
－ 广
薄 搽 汰
龄
鬻 … 髑
淼 懿 蕙
嚣 喀
亡 露 鸣
审 ＂ ” 酗
． 搦 亡
爹 ．
甜 多
．
I
"
446,EFTA00003731.pdf,
447,EFTA00003732.pdf,
448,EFTA00003733.pdf,"illor
1
"
449,EFTA00003734.pdf,"112Pm
sawainaariampifigar
"
450,EFTA00003735.pdf,"25
735PH
1
"
451,EFTA00003736.pdf,"eS 7:51PM
"
452,EFTA00003737.pdf,"25 3:5 1
PM
"
453,EFTA00003738.pdf,"25 7:51PM
"
454,EFTA00003739.pdf,
455,EFTA00003740.pdf,
456,EFTA00003741.pdf,"2114P H
"
457,EFTA00003742.pdf,"26 215Pm
"
458,EFTA00003743.pdf,
459,EFTA00003744.pdf,"2-2a
---Ine2
"
460,EFTA00003745.pdf,"0
1
0
e
r
f
a
t
e
a
a
t
O
i
l
"
461,EFTA00003746.pdf,
462,EFTA00003747.pdf,
463,EFTA00003748.pdf,
464,EFTA00003749.pdf,"26 2:58PM
"
465,EFTA00003750.pdf,
466,EFTA00003751.pdf,
467,EFTA00003752.pdf,
468,EFTA00003753.pdf,"26
3:01P
M
"
469,EFTA00003754.pdf,
470,EFTA00003755.pdf,"'mass r-ii-Acki
g-""
""_•••••••••
-
weH__
- — - -.—M.CNCam
"
471,EFTA00003756.pdf,"w .,
-••.•
a- ...
..-
‘ Z."" --N., ....;•ehe :- _ ------ .......a.--••••colOPpe"" ""--
...-
a
' 7. .'""..""'..3""4.1 - -P•_.r ..misp-r -u me.e.-... . .r,•01 . 7 - :- - • - •- r ' a lMnaiTneirlie
- . . . . - . 0-"". -Apa isiimmp A po--r
. ••
, ..... • •
.-
7 .- -- ---.
•~
-
"
472,EFTA00003757.pdf,
473,EFTA00003758.pdf,"V Iv
Wm.
"
474,EFTA00003759.pdf,
475,EFTA00003760.pdf,"- - AMC tea- ""MI .,....
` - -to rip aiod _%•-•••••an
okarill0 -•4-01••-•-
40*
°I.— Son
Eim-s- sir
•
"
476,EFTA00003761.pdf,
477,EFTA00003762.pdf,
478,EFTA00003763.pdf,
479,EFTA00003764.pdf,
480,EFTA00003765.pdf,"26 3: 15P
"
481,EFTA00003766.pdf,
482,EFTA00003767.pdf,
483,EFTA00003768.pdf,". C a.:gan. Y• •
a. •
• •
• • - •
• t.;
• • • •••
• 4.0 '
▪ 3. '!""11', • •
.• • it
't it: . •
1.:'• • • i t,c,01).„,'..
cr,:•• • f i 4 ; y` y 4 t 4t‘k a 1
4.
s -
• • t , • •••• sa . • :A •• , 7 7
• it • i t Aat •
I I I I I I I I I
•
t
"
484,EFTA00003769.pdf,"U.
9
•
•'T
"
485,EFTA00003770.pdf,
486,EFTA00003771.pdf,"A-
4
1
-
"
487,EFTA00003772.pdf,"a
"
488,EFTA00003773.pdf,
489,EFTA00003774.pdf,"*44"" *.d •
"
490,EFTA00003775.pdf,".~
"
491,EFTA00003776.pdf,". • •
.... ' -...-
"". .,:x""....
. - ..i.-
....
.
. .... ,..,. ...„ ::.,
',Nen tea` , .."" : %AN\ , % . . % .- . ... % ... .. v - o il - • • II IIIL.C. % N.: •• • •
.N ...
*""*..* 1 .... ,,, • ... ' %...... ....% — —. 'l it .:111;;; N
. •X .\ ..' .. '‘.
VOIII:_,Ne
"
492,EFTA00003777.pdf,
493,EFTA00003778.pdf,
494,EFTA00003779.pdf,
495,EFTA00003780.pdf,
496,EFTA00003782.pdf,
497,EFTA00003784.pdf,"4#(7:AZANirsir
„..:•„;.I..4
"
498,EFTA00003786.pdf,"atiOrr
rr
®
• — - n u
• .
• •
• l,i,, n , •K u j - . N 1 I 1
IS' .,, • n ., ,
ti
at a n. Ir 0% non
M Il • • s • wi . ......
MUM M •
■.
• m • •
r• I •••••• n na IM•5 1-• • • In • ,
• !L • • e
C M .M n •I • I • • - - ,
I • .
a
"
499,EFTA00003788.pdf,
500,EFTA00003789.pdf,
501,EFTA00003790.pdf,"31
3:51Pm
"
502,EFTA00003791.pdf,
503,EFTA00003792.pdf,
504,EFTA00003793.pdf,". • .
l,
.. ""
• 1
4,
e
1 '
, k
,s
.'
cl
A
.i
i
i
Pok
4!
.41.
. is
t .4
6.
,
s:s ei'r
.i/ 16)
! . ••• I
,
•
, i
...
, • t; •
• .
I`e
lc
4 'A
ti
4,.
.t
.. ., :'
;;_
li 'i
..'1 it
• : ,, •.
, r C
f . , ' i, •
, ""( . 1 t
I . .i
, i
r
, , f A er
,
t
•,
..,
le,
,14
; •••
.
F
11 Of
. V,
: .1••
hr,
I '
, I
c 1 ,
- ' . A ' II 1 4 •
, it• •
. 4 . ; ...4V.16
/
• •
• 1 , %
i
A 164r:
ejik
, f,
; ,
••
4 .
i d . i • I
?,
kis.
,
i..,
•
y4
.4.i.,,
',/,
'.
‘
1
• I `
.
;:s).1•45
:0
4e1\
ii.
‘.:!:,t'l
I.
I.; --% Ibi
el
!I
, 1
•., t
•
!
pet
: •‘:t
'vs):
..i4
,,
,, q...
':
,, 1 ,i
.
%
f
,
•••
iSitil14/.
li
• p
'‘. i
. t
•
1.:11\
I*.
I I t - ' ,
—
f
df
.
• I
t,
,
7‘
1 • '.
•
‘\*.-,
: \I
1 :.1N1
'...,
s:1 :i
.sit‘ti.
1, : 14;:1/
.4111
‘.1::
:,
."":.;
1.;,.%to.t(17
1:
111:: :::
. '
ti p,
I 1 j
"
505,EFTA00003794.pdf,"nekw•minalsow ,” '
limufialNallinilatt,m/ , ......
ismilliaaritotim, %11/..;
nt•WOMMINOtinnemen ..4111.1;#
ASMVISN'tiemieen, 1414/1"";4-
MWAVaaNAVIonnI/1///
/Pitt/ ,/I/I/ add/AWAVasigaWni.wa/M. 4414: e
masvm:L:ammitsishriatataga:::::::::
,s4), MielmegoW/MoW/AWSWOOMeott.wimns '44 10''
.WittiMa i em e 7 ,OO MSYSNOIWIMM/MONSamminkw:///,// .1.iir
//Wit Illge r li//a/a/mno/ws A/AWW1N1W1A01SS//I/V/aHi.ncavw.wniwsiinsuaimnswhaaiftiraaiMwatwmmen, 6.wmami,re,
all""""""""bwfr /94901//)/,///11/nriannemmondilimennvin,
/ /N/////nimminanimenaltialmativii et, why/ern/it
0 0, 1.1/ ///91/11////Nimememmomms4w.viSfirmh,
000:7 0 104 , //////anionmeiimin viaminalMISSImiuw. ivy"" as
1/1/1////////////4•Wilhinstiminimminamwarliam.,
/////1////1/14////int//symminaii4VmeimMitalllaut
/11 ////111////4910 /////////i/mmtnahWINAVNIMINIfibm.....
/1//////1/111/11//i/i/Minammini/l•WW1M INAWKiivu. „
1/1/111//11411/1/M/Innawinam'AVIMISMardwr.
„we ,
/1•VD/1/1/ImffilinNImilimmnaliglasa—
/1 /1 1 1 /1 2 / V 1 /11/W/I/MMIlmin,,mumaallinallinic
/1/11/1111//1•WinimilmamafiaglaiiiiiM.
,1111////141/11/11//linnhminewilialiailliaw
Mrillia/N111/1
///inewmaif/iMellallea R$
IMIUM1116V/1///Awrimmonosiate
e ,
INWIAVI/i/i/iilitt/zz iawhmritmemeamraemasuot
SHAVIM///////mie. 14/ 49///i/MIVINSVM.m.
m-
1///////ii, s•v1414/440roommy
//////////im ..madaffY/Wam.f.w....m.*
a.
dVili;v; ;;1111:/:://:/i a-v 46a64la4kV$A6W.1eAdlS&wWAviess'
1/11.4WW/n.
µ 1111/0111.VNA'
//IWIA///m•
1/119,614WM'
"
506,EFTA00003795.pdf,
507,EFTA00003796.pdf,"-
"
508,EFTA00003797.pdf,
509,EFTA00003798.pdf,
510,EFTA00003799.pdf,
511,EFTA00003800.pdf,
512,EFTA00003801.pdf,
513,EFTA00003802.pdf,
514,EFTA00003803.pdf,
515,EFTA00003804.pdf,
516,EFTA00003805.pdf,"A
•
•
I
t
t
---
•
tiff e
-
mb,
.•
4
•
,
ar
t
iatc
or
wo
.1""
s
•
air
we
•
•
4.
4""-
f
0 -N.
•
.
•
At.
a.,
•
-
4.1r
•
t
ar
•
""..ir
4-•
4.•
•
-•,esesek.
'
aa>
„
-
Ns..-r
•
"":""
gla
4"":41/1§,
'•
-
•
`•
N..
V14/
N'.S:
14/.
N
o..
--
t
.
_;--
.F...r•
a.
•••• ZS..t
ao
4
,
...z.....4:-
"
517,EFTA00003806.pdf,"R
/
r
'
"
518,EFTA00003807.pdf,
519,EFTA00003808.pdf,"to-
- • _
• - et Pr
. _ --r star
_
se,
:004""--a
_
27 1:20PM
AI <
"
520,EFTA00003809.pdf,"1%
"
521,EFTA00003810.pdf,
522,EFTA00003811.pdf,
523,EFTA00003812.pdf,"t
"
524,EFTA00003813.pdf,
525,EFTA00003814.pdf,"v
"
526,EFTA00003815.pdf,
527,EFTA00003816.pdf,"_ ""'A
\
\I
N:a-O.4- I •
-A • -4
"
528,EFTA00003817.pdf,
529,EFTA00003818.pdf,"••
•
•
•
•
••
•
,
"
530,EFTA00003819.pdf,
531,EFTA00003820.pdf,
532,EFTA00003821.pdf,
533,EFTA00003822.pdf,
534,EFTA00003823.pdf,"••••
•
•-•..
•••.
•
"
535,EFTA00003824.pdf,
536,EFTA00003825.pdf,
537,EFTA00003826.pdf,
538,EFTA00003827.pdf,
539,EFTA00003829.pdf,"4#(7:AZANirsir
„..:•„;.I..4
"
540,EFTA00003831.pdf,"atiOrr
rr
®
• — - n u
• .
• •
• l,i,, n , •K u j - . N 1 I 1
IS' .,, • n ., ,
ti
at a n. Ir 0% non
M Il • • s • wi . ......
MUM M •
■.
• m • •
r• I •••••• n na IM•5 1-• • • In • ,
• !L • • e
C M .M n •I • I • • - - ,
I • .
a
"
541,EFTA00003833.pdf,
542,EFTA00003834.pdf,
543,EFTA00003835.pdf,
544,EFTA00003836.pdf,
545,EFTA00003837.pdf,
546,EFTA00003838.pdf,
547,EFTA00003839.pdf,"~:
"
548,EFTA00003840.pdf,
549,EFTA00003841.pdf,
550,EFTA00003842.pdf,
551,EFTA00003843.pdf,"ro^
-
ra
atni=•••••4
"
552,EFTA00003844.pdf,
553,EFTA00003845.pdf,
554,EFTA00003846.pdf,"0.4
"
555,EFTA00003847.pdf,
556,EFTA00003848.pdf,
557,EFTA00003849.pdf,"I
"
558,EFTA00003850.pdf,
559,EFTA00003851.pdf,
560,EFTA00003852.pdf,
561,EFTA00003853.pdf,
562,EFTA00003854.pdf,
563,EFTA00003855.pdf,
564,EFTA00003856.pdf,
565,EFTA00003857.pdf,
