file|content
EFTA00008409.pdf|"PHOTOGRAPHER
/14.0
LOCATION
"
EFTA00008410.pdf|"Рђб Рђб РђбРђб Рђб
Рђб
Рђб Рђб
РђбРђб Рђб Рђб
Рђб
Рђб Рђб '119
Рђб '
Рђб Рђб Рђб
Рђб/ .'Рђб
# Рђб Рђб iftРђб
r
РђбРђб ~ ┬░ tic
, РђбРђб Рђб-Рђб Рђб Рђб
. -Рђб ,
Рђб 9 Рђб РђбРђб РђбРђб
: .
. ...,Рђб ,: .r Рђб * e
. Рђб p
41. Рђб
. Рђб
РђбРђбРђб Рђб Рђб РђбРђбРђб Рђб Рђб Рђб
Рђб Рђб 'Рђб % Рђб Рђб Рђб Рђб Рђб Рђб . Рђб Рђб ol, '' .. Рђб %
' "" As ' Рђб "" it , , . Рђб e. . 1, Рђб # Рђб Mk '
li . l .. . Рђб Рђб . Рђб Рђб Рђб ,..Рђб A Рђћ iL s . _ Рђб . Рђб , Рђб Рђб Рђб ""I to ' , Рђб . Рђб Рђб .
Рђб , 1 . . la Рђб y c Рђб Рђб "" , Рђб te Рђб . Рђб lib Рђъ , tit .Рђб t Рђб Рђб I Рђб s Рђб ,. . , Рђб 5. Рђб .4 0. . ' Рђб Рђб .
Рђб Рђб a Iip РђбРђб Рђб РЎд Рђб РђбРђб РђбРђб Рђб . 1 . Рђб '. . РђбРђб Рђб I. ..,
r Рђб i ll r Рђб Рђб 1 I i e IP Рђб q, Рђб 4 0 Рђб Рђб 1 ) Рђб . Рђб ; S P 1 e+ A . . f t Рђъ I ' Рђб . Рђб Рђб Рђб , Рђб .. , Рђб ' Рђб a 4 I Рђб . "" . . k . ao , pd ' "" ': . e .. . .it Рђб 7 - . : : 1 f . . , .../ Рђб . 1 .... Рђб , ... ? . "". 1 , it Рђб . . "" , 4 Рђб . . 1 Рђб. Рђб Рђб s Рђб e ' . 4 . a . irРђб is 4 !'.',' '' ' 7 Рђб Рђб Рђб ' Рђб e V Рђб ' -. . AI : Рђб egРђб - - , Рђб 4 I Рђб Рђб 1 ., ' .Рђб . Рђб Рђб IРђбS Рђб - . Рђб . a . Рђъ , . . Рђб , Рђб Рђб III Рђб ' I is. Рђб + Рђб ., ' I. Рђб ' .- 4 - r II Рђб . l ..''.y4y . Рђб 4 ' 6 -i I ` P "" _
Рђб ot# , . , .... ' 'РђбРђб Рђб Рђб -lb 4 r
Рђб . ..pРђъ,.. Рђб Рђб Рђб Рђъs P Рђб . . . a ' .0 ...1 N. . Рђб I . # a fe . ' t , I . .Рђб Ir ... .-. - .t. Рђб Рђб
"
EFTA00008411.pdf|",
I
.. % . . ,
-
Рђб
.
a
jРђб
Ite
C . . E P a w l
Рђб
a
* Рђб . e . РђбРђб
a li
Рђб
Рђб
. . 1 ,),.., *
, 9 A Рђб Рђб Рђб
7 V ; . : r,
s
-
Рђб . Рђб
4
1 РђбРђбРђб Рђб 4 .... . . _ ...,Рђб - , . Рђб t : - . . . , IP . . .
Рђб
Рђб . Рђб 4 . ,РђбРђб 4 IL c ' r Рђб ' : "" 4 4
r4
9 Рђб a Рђъ ' g i p I P Рђб ,
1
. . . . . . 4 5
Рђб
0 4 4 i t . t it
-.%
t e . Рђб ' Рђб .
Рђб
4 .Рђб
Рђб
. Рђб Рђб Рђб C A I Рђб
r
"" 0 S i t I. , , Рђб . РЎд, Рђб Рђб Рђб "" ' ,
Рђб
i t Y Рђб e4
. :
Рђб
Рђб 1
, i t Рђб . . . . . Рђб ..,.
- Рђб ,
Рђб .
Рђб
IS
A
Рђб'
Рђб
.,
Рђб Рђб Рђб fi, . , , t
i t -
. '
b g
Рђб d r 1
,,,Рђъ
Рђб . .
N
.
Рђб
'
.
. . . . e
Рђб
. 1 Рђб I I 4 . a
1
... Рђб
.. Рђб
""k s
A
,, ,,
,
Рђб
T s
- 4
i
W iti
M
""Рђб
Рђб
II
.
*
"" :
t 1 ( .
r /РђбРђб
4
i
Рђб
.0
4
% is 4 1 i
Рђб
i
Рђб
,
Рђб '
a Рђб
f
Рђб Рђб
iРђб
Рђб
Рђб
N
i
Рђб
4
4 s
''\
Рђб Рђб
4
.
4
..... . 0, . ,
-
Рђб
,
n r
.
!
S a t Рђб
,
Рђб
-
, "" , , ,
r
Рђб
4 ,
1
РђбРђб
e
Рђб
. . ,
,
-C . Рђб
'
s ilt
y ""
Рђб
.
Рђб
I
- . -
A
,
e
..
a
Рђб
e
. if
s
...rРђб
* * 4
""РђўРђб . *
Рђб
1
I
:
a
l
1 .
, ..Рђъ
ir _
4 ,
.
#
. Рђб
1 0 - 1 . I A , , Рђб Рђб
Рђб
P
...Рђб
4
Рђб 'k Рђб Рђб
Рђб
i Рђб A
r-
Рђб
d it
m
РђбРђбРђб
. 4
lb
Рђб
Рђб Рђб Рђб
4
L k .
Рђб
Рђб
A ll
Рђб
!
"" Рђб 4 7
Рђб
4 . ,
Рђб
Рђб
t
s
o
. 4
Рђб
v
.
.
Рђб Рђб
e t
ft
Рђб Рђб ....РђбРђбРђб
t .4
4
Рђб
1 0
Рђб
Рђб
'0
Рђъ.Рђб
4 '
.
Рђб
- 0 , Рђб .
-Рђб
Рђб
Рђб
-
- 4
.-
- , 4
""it
hit
g
4
Рђб
.
4
. , . S
Рђб ^ 1
4
0
.
,.
%
a
e
A
Рђб
41 4.
Рђб
' _ Рђб
Рђб
1,-
ill.
i
0
-
Рђб
"
EFTA00008412.pdf|
EFTA00008413.pdf|". .
.. # Рђб
I. . Рђб .
Рђб
Se. Рђб
., .
. c - .
. Рђб .
. . r .
...
РђЮM Рђб . РђбРђб . % IP
II it , Рђб
Рђб _. .- w.
Рђб ... Рђб Рђб S .
iii %
Рђб
4. .
ta
"
EFTA00008414.pdf|
EFTA00008415.pdf|":C19 ML 4a4: -:'t R Рђб',.
V. 9.999440
. 2.. (2.9.1t. ltec. -99k Rifle.
' Рђб J.. -Рђб P9' )11 tt. .(StV
Рђб ^.9.,,f1 9 ' . ,iРђбI irly Рђб tint Fly Рђб 'tool SPРђў
''.)UM, .14'0( 9 F.FI Al l.nryy \ r! .0 .. ti.xy 3 si
"
EFTA00008416.pdf|"Рђбy
Рђб 'a In 10
"
EFTA00008417.pdf|"'V.
Рђб
JR Рђб
. Рђб
S C C ; S O 0 ' r N o l T 8 m n o n 1 1 e n s O 2 1 0 e t c 1 2 O 0 e # C / l 0 D l 2 ) l 4 a O o F 3 S ,1 t p . C 1 M i ; e 1 o y 9 Рђб , a 0 n 0 5 o ' g 0 : . 4 F 1 N a 3 2 1 S Y t , 2 e 8 C Рђб S 2 f B 1 O O IN 2 a R O 2 r h e 2 r W G o 2 a q P o 1 1 r u 'a d 1 m O H e . d a s l 3 O a g t v 8 P 1 D u i 1 2 a C 0 e 0 6 S E 1 ( 2 D S t 1 0 . 5 e e 2 c 0 C a r 0 o 8 i l g v 4 n N a a M 8 t t a . t t O 4 i e 1 i v n 1 O O x e in O - 8 , C 1 g 1 3 o t 1 t n 2 i t i t
,
РђбРђб Рђб Рђб r
Рђб
r.
1 .
... * Рђб a
Рђб
t qi . 4. li Рђб Рђб РђбРђбРђб
"
EFTA00008418.pdf|
EFTA00008419.pdf|"РђбkaMРђбibiSaasAРђбРђбmailimla
MIT CPU
tS147 wM
Рђб DAEMS
"
EFTA00008420.pdf|
EFTA00008421.pdf|
EFTA00008422.pdf|
EFTA00008423.pdf|"cioNe 40/4,
"
EFTA00008424.pdf|
EFTA00008425.pdf|".14
Рђб
*PI.
I
I 1314P9VIS
РђбРђб MMIT
le* ASIL
.ae
"
EFTA00008426.pdf|"-
"
EFTA00008427.pdf|"Рђб >,
2 .4r1uifit:e2РђбРђбРђб ....t iat
. di el it , Рђб. Рђб Рђб РђбРђб РђбIs 1
Рђб
. РђбРђб . 44, ire Рђб <I, ' gif ' . . , A . - . Рђб Рђб Рђб Рђб e v. .1 ..e. Рђб m' Рђб Рђб a*
..Рђб Рђб Рђб 2, РђбРђбРђбРђб Рђб , . , . ..,., Рђб . Si. e , - , Рђб , j... Рђб Рђб , Рђб Рђб
Рђб ... IP . Pkir 4 . e
, it Рђб . I.'. Рђб Рђб g.' . Рђб , Рђб
Рђб I
Рђб -r el 6 .Рђб
РђбРђб .. r . I
Рђб РђбРђбРђб
...
Рђб
A
Рђб . IC Рђб
.. Рђб . / .
Рђб
.. Рђб t gm;
4
: Рђб W a Рђб .1 I I a a 4 . a
i Рђб I РђбP, РђбРђб i
I . lo. ... Рђб ,.РђбРђўРђбРђбРђб,. Рђъ .. 4. .
.. . "" V e -Рђб Рђб 16A . . I . .... -../ .$
m.
Рђб
cr, Рђб
Рђб Рђб . 4- Рђб ...- Рђб Рђб Рђб.., :
C `if Рђб ' РђбРђбРђб Рђб . is Рђб ... Рђб . .
v.! cir. -Рђб.
litРђб
. .,
. .... . ;
7 a Рђб ' 1. -
Рђб
"
EFTA00008428.pdf|"S
┬░L as Рђб tiРђб
s , Рђб
!it
Nr,
e,
*
"
EFTA00008429.pdf|
EFTA00008430.pdf|"-ilfit`rРђўJ\
agt
"
EFTA00008431.pdf|"Moil
7
"
EFTA00008432.pdf|"I-
"
EFTA00008433.pdf|"Рђб-
РђўtРђб _ Рђб
Рђб71 Рђб X. Рђб РђўРђб
I
.Рђб Рђб
4
Рђб .
v.
r Рђб
4
Рђб
Рђб
"
EFTA00008434.pdf|"Рђб 00,1РђбРђбРђбРђб
"
EFTA00008435.pdf|
EFTA00008436.pdf|
EFTA00008437.pdf|"Рђб
Рђб Рђб Or
Рђб Рђб
' Рђб
Рђб r -11
.
Рђб
a
I,
a
Рђб
Рђб
'A
Рђб
Рђб Рђб
Рђб
IL
.
Рђб
Рђб
"
EFTA00008438.pdf|"-- W O O 0 B 8 D n n O / e t 1 1 A a 0 2 ( i N n I 0 / ) 2 f 3 Y l i 0 W g F - 1 Z 3 9 e E t s 5 K t t N e C 2 r 0 P 2 l n o C 7 C y t S N 0 , I R K o 2 C t e 2 ' t = , e q A ( t t ( o ; 1 ( ) 1 e , 0 s S '- 0 t f P i 0 I r D C r G ! t4 1 1 1 11 2 ,1 0 ' 1 ! 4 V ' 3 3( A 1833
"
EFTA00008439.pdf|
EFTA00008440.pdf|"' Jr
n 4; Рђб
) Рђб
sr РЎд e 4 1 Pb Рђб Рђб . Рђб I v r
Рђб _ St $
Рђб 1 Рђб . 4 ' Рђб..
a. Рђб 1 r , a
Рђб . РђбРђбРђб # . 4
. 1 ' Рђб. Рђб Рђб,!."" z , ii , Рђб miv . It
"
EFTA00008441.pdf|"Рђб 4 . Рђб 4 0 Рђб Рђб .s S i Рђб a 7 Рђб 4 Рђб 0 Рђб Рђб
Рђб # a . i . h
Рђб
Рђб
Рђб , Рђб
I . .. :I
, %Рђћ
.
Рђб
Рђб Рђб . . a
Рђб
РђбРђб
Рђб Рђб. Рђб
Рђб I . Рђб . .
Рђб Рђб e
ra
Рђб
...
'
t
\ / Рђб ;"" it -
Рђб 4. 4 Рђб ... . . . p p o%s4 Рђб Рђб Рђб .I, Рђб .II
Рђб - ` Рђб .
-
Рђб e - P Рђб
4
rf
- 91 .
,
A
. Рђб.t,
"" . `1 i
. , a t Рђб i
i Рђб 6 Рђб 4 Рђб Рђб Рђб Рђб Рђб
V .
.
4Рђб
%4
9
, t Рђб S Рђб ' 4.
Рђб YW
Рђб
Рђб
'
tpr,
Рђб Рђб Рђб Рђб Рђб
rI Рђб
t
,
Рђб ! Рђб
* I Рђб IРђб i..
Рђб 4
Рђб
Рђб Рђб 4 РђбРђб-
0
Рђб Рђб Рђб %
РђбРђб
. SРђб Рђб Рђб rS
Рђб -..Рђў
Рђб Рђб. Рђб Рђб
.44
I
Рђб
MIJ*
Рђб OJ Рђб
Рђб
..4 .
РђбРђбРђб
Рђб
.).. P Рђб РђбРђб i oS Рђб
Рђб
1 ' i!d РђбРђбРђб ta A 4 _ /. . - ' r ll i ' Рђб Рђб ,; a, IРђб . Рђб
Рђб Рђб
..., ( ..
Рђб Рђб
Рђбl e t a Рђб Рђб . Рђб I * Рђб .Рђў 0 Рђб Рђб Рђб .4 i al ? - Рђб .. Рђб :i `.. ry . ews '1 Рђб Рђб * Рђб / ' Рђб 1 .*1 Рђб ,Y Рђб Рђб i Рђб Рђъ Рђб Рђб . aРђб ,,,
Рђб i
' Рђб. 4РђбРђб ""! ' РђбI ' ti Рђб Рђб .II 4 . Рђб Рђб 7 . t r . Рђб 7 i Рђб I Рђб . Рђб 'РђбРђбРђб , . 1 . Рђб Рђб ' Рђб Рђб Рђб ` Рђб, Рђб ' ' . Рђб . Рђб , .. ' Рђб ' a t РђбРђбРђб 4 1 Рђб w t n Рђб Рђб Рђб
esРђб
Рђб Рђў РђбРђб ' ..""Рђб 6 '- Рђб Рђб Рђб C - hp '.AI Рђб Рђб РђбРђбРђбРђбРђб ! Рђб Рђб 0 Q ta t 4 Рђб eb Рђб Рђб ri7 . Рђб Рђб a ' e s'Рђб 4a ,5 Рђб 4 # 4 Рђб ; .41 4. . Рђб . Рђб ' I ' ; 44 Рђб IРђб ""-c P 4 r % % r ..V Рђбf ... Рђб ' 0 . Рђб Рђб 4. : Рђб . Рђб Рђб Рђб РђбРђб Рђб A 4 sS РђбРђб` g 44 РђбРђб t- Рђб
Рђб
1
PI'
:
Рђб
РђбРђбРђб
Рђб Рђб i Рђб РђбРђбРђб Рђў 4 / Рђбlg 0 C 1 a -
Рђб ,
.
.S
0 Рђб - . Рђб i РђбРђб - РђбРђб
te
,
ti - Рђб i 4Рђб5 - I ta Рђб. la : 4 Рђб
DI
a 4
Рђб
te
,_ Рђб
.
Рђб 1
.tif
la
..4
Рђб illalt 9 4 ' Рђб i - b eg i - . Рђб , - I Рђб Рђб a ..e.
_
Рђб Рђб.
_ РђбРђб
.
-
Рђб,
Рђб v 6 I
ee
Z
-
Рђб ,
Рђб
-
,>er-
.
РђбРђбРђб
Рђб
Рђб
Рђб Рђб
Рђб Рђб
.
..
, .
Рђб
.-,,
4
si Рђбi
Рђб Рђб ' .6 Рђб Рђб . Рђб Рђб Рђб Рђб Рђб Рђб tisli
Рђб
.
f
0
4
Рђб
''' . ' I
Рђб 1 - ' ..
Рђб .
.,
Рђб Рђб Рђб.0 *4
Рђб
rri
,
.
r
00
Рђў,4
..a
Рђб t
: ' 4 .- Рђб Рђб
Рђб
.
.
Рђб
.
Рђб
. Рђб
. Рђб
#t
,
. Рђб
-
.
Рђб
..
Рђб a
Рђб
РђбРђбРђб
РђбРЎд
7
Рђб Рђб Рђб - Рђб 9J
Рђб v
Рђб
-
4 4 '
Рђб :a
РђбРђб -
Рђб A. - . Рђб Рђб Рђб Рђб Рђб Рђб Рђб
Рђб Рђб
Рђб Рђб
-*
Рђб ' a Рђб _ Рђб t
t
/ Рђб *
;
. Рђб s
. Рђб 1 e . t4 Рђб Рђб
Рђъ Рђб
, Рђб
Рђб
rO -
"
EFTA00008442.pdf|"N ! rC S 0 IN 2 3 5 A g n 5 a , le ta t tr/C 0 2 t1 3 8 5 1 9 2 3 ) 1 1 8 1 6 ) N Y C 0
2
3 5 9 4
P a rs o n s ; m a c e s th e v e in e d
N
E
Y
0
C
1
0 2 3
5
IJ P K 3 E A lo D 3 P 0 i 9 . S m 0 i S 9 G M
O
P IF
O n e F E lla a n e d 2 1 8 M M a e
ra
a
D
d e
r a t
0 8 /2 1 1 2 0 1 9 N P Y C C 0 M 2 A 3 5
S
9
T
7
E R C
C
9 0 A -N Y 4 1 5 1 2 2 7 1 B 4 2
8 9 ┬░Y
"
EFTA00008443.pdf|"Рђб 'le
Рђб Рђб Рђб ' РђбРђб
1% Рђб lir 8Рђб1 Рђб r r Рђб r Рђб Рђб 4Рђб9
Рђб Рђб Рђб Рђб Рђб * Рђб gbРђб tr"" t Рђб .ar
. Рђб ,Рђб.РђбРђб Рђб
- 7:010 Рђб ..e . s e
Рђб r Рђб re,
r r . Рђб -РђбРђбРђб
s
Ir, Рђб . Рђб s et L. fo.
Рђб -
"
EFTA00008444.pdf|". :r
,AiU4t3 MLA/ JT le W l, O N L a . , f i t ; . krii Рђб.[ Рђб vm
"
EFTA00008445.pdf|"РђбРђб
Рђб Рђб РђбРђбРђбРђбРђбРђбРђб
...Am yF
r.
РЎдI
Рђб
P. Рђб Рђб Рђб Рђб
1, 1
Рђб
Рђб Рђб Рђб OOP - Or Рђб Рђб Рђб РђбРђбРђбРђб Рђб I p
e Рђб Рђб "", 3 ... Рђб
РђбРђбРђб Рђб Рђб
r'""
Рђб r Рђб 1 .
. 7.4. 4
Pee CP
P. .11 Рђб
Рђб
Рђб ,
a
4
Рђб
' J. I Рђб PРђбI !
Рђб r
el Рђб 164,
.
a a
"
EFTA00008446.pdf|
EFTA00008447.pdf|
EFTA00008448.pdf|"Рђб Рђб
Рђб
Рђъ.Рђб Рђб
aro 11, Рђб .
"
EFTA00008449.pdf|",t
3
_ _
-
30 4 8 ,0 9 q H
n
= z 7 z t
-
5 3 1 9 1 0 0 0 M , 3 3 ,1 0 0 . 3 5 .1 0 .N
_
,e 0
b
n u .
N
0 i
""
Рђб - -
""
r
"
EFTA00008450.pdf|"Рђб РђбI A
1 410
f
Рђб
Рђб
0 Рђб
"
EFTA00008451.pdf|
EFTA00008452.pdf|"90A-NY-3151227
1B 43
08/21/2019 NYCO23594 PC MASTER COPY
One (1) FBI-owned WV Black 3T8 'lard drive
VVD3003FZEX-0024SAO, SIN MiCC13LZR5 (9P.
coNaming the vented E01 images NYCO23578
(181). NYCO23579 (182). NYCO23580 (183.
NYCO23581 (184) NYCO23583 (160).
NYC023584 (187) NYCO235851188).
)00O23566 (199) NYCO23587 (1.101,
NYCO23588 (1911). and NYCO235' 2 (1815'
"
EFTA00008453.pdf|"Рђб Ise a
Рђб
Рђб
0 Рђб
Рђб
AP
4
14/1 u ) 4 Рђб РђбРђбРђбe
4 Nit ,
Рђб Рђб k -
Рђб Рђб ,,,
, Рђб
t
Рђб 14 'AРђб
r
- I
Ir 0 . Рђб
ink SP
'
-11
. Рђб ./..;
Air Рђб .
Рђб *.Рђб
Рђб I
Рђб
Рђб
РђбAa.
5. 4' .
Рђб ,
.0. Рђб , Рђб
"
EFTA00008454.pdf|"SOW mos
uРђбРђбРђбРђбРђбРђб
"
EFTA00008455.pdf|"-
"
EFTA00008456.pdf|
EFTA00008457.pdf|"Рђб Рђб Рђб
Рђб Рђб Рђб lit AP Рђб
Рђб
Рђб
It РђбW
4
t .
. *1'
"
EFTA00008458.pdf|
EFTA00008459.pdf|
EFTA00008460.pdf|
EFTA00008461.pdf|"-
Рђб
Рђб
РђбРђб Рђб Рђб
I
Рђб
\ .Рђб
4.'Рђў Рђб
Рђб
Рђб Рђб
"
EFTA00008462.pdf|"NYCO25654
Digitn.a l
mow VVD2500
Wit
WisIMAIWOWM
dab.T In Рђб 9f00 GI
III IWIIIBMIILII!III:IIII~IIIII
o
!L to,c4c5654 Au┬Ф
- IN im""""
40.10
"
EFTA00008463.pdf|
EFTA00008464.pdf|"MOM Oda
liMNII 'ft
OV31151 ///
.Рђб
"
EFTA00008465.pdf|
EFTA00008466.pdf|
EFTA00008467.pdf|
EFTA00008468.pdf|"gg0iL'oN
03ZIWY080 I1OA ONId33)(
CONTENTS:
Master Copt. Arcnive Of OVR Main
Controller Images
sAl.tea.
crepe
2.0TB
M0W2 0EARS
I 1110 111,1111M INK
&so lwcsfiolesotis
Рђб РђћinРђћ. tnn
Nip III t ilРђб
aiqQ026637
"
EFTA00008469.pdf|"I AA Рђб
Рђб
Рђб Рђб Рђб Рђб
I Рђб
Рђб РђбРђб
РђбРђбРђб - Рђб
, Рђб Рђб Рђб
Рђб Рђб Рђб Рђб
Рђб "". Рђб a I `
Рђб to-
Рђб
Рђб Рђб
Рђб a p
Рђб
9011--
-3tsi 22 e Рђб
Рђб Рђб
Рђб
ir
"
EFTA00008470.pdf|"OA-
.3c-co6
SSO L 'ON
0 V' 3 INS /il
ea
oNTINTS:
`tarter CAW: Asynot lod./e,
Lob HQQ190Рђб111001
UC'N: 90A-A .3151227
Examiner:
SPECIMEN: 2111311
aРђЮCMOONt'lРђбIC OM
fPnOtE 111.
/Intl 04111611
'r.lРђб H'I , II /I % I .0 a' Irr
I A IPPP411
Oil r
NA% 1:Wi
RI
sematelm
"
EFTA00008471.pdf|"Рђб44
Рђб
.tea-
ic"". ' Рђб Рђб
"
EFTA00008472.pdf|"IN
"
EFTA00008473.pdf|"lРђб
illbo Рђб , 4РђбРђб ' A '4 ' 4 Рђб Рђб Рђб .
, - Рђб ii. Рђб 4 '.Рђб
Рђб or. nРђб ' Рђб 4.
O. 6 Рђб Рђб
Рђб Рђб 1. . . . , I, 4
РђбРђб 4 4 . Рђб . ' 4. Рђб Рђб Рђб 0 k a 6: ; I Рђб ' Рђб fAs 1 РђбРђбРђб Рђбfr.. .
I Рђб
Рђб Рђб Рђб c d lib . . ""*. hil i :41' :I,
Рђб
f, ....;$ - ' . ar t. . '
._,.
. . I ; . ) 4 . - a it. Рђб . Рђб 0 l 4 b 1- . -.M 2 1d .6 ill . Рђб . Рђб - A Er ilig .. . .4 . t * alРђб .. - .' Рђб ii. i k r -... 4 4 O . .. ..a.o. , ..iriDe `. . - "" Рђб ..., :-..... ..
.J. .,. 1.
..14/.
. ., '
4: ci, ...
. -1
"
EFTA00008474.pdf|"PCCIONFISZ/OIMINON01/0
irmayserie
3990a
990 LL РђбON
03ZINTORO AOA ON My
aV
31^IS ///
ontioduted onv unoothontra tur-puРђбr, Рђб
FBI-NY Computer Analysis Response Team
90A-NY-3151227
( A M rt u w n o d rk ti o a n rc h T iv w e o ed 1 ) v U id l e tr o w im m a t g T e O s t 0 a k la e p n ' h . o te rn n t M )) C m C in N g Y t h v e id C e A o R T
Rtnorde/ hard Oren, , as of 06/21/2021 Master Copy
FOR Of Mal USE ONLY - ENFORCEMENT SENSITIVE
ACKLSI13 E NIVH3 3.3N3WA3
NO11V'JI133A.\'130 Frozii,uoi
IlV3IIFIR11(8303.1
"
EFTA00008475.pdf|"Рђб
Рђб Рђб lo -r Рђб ...- РђбРђб a' Рђб .Рђъ. Рђб lРђб i Рђб 4 e- 'Рђб e Рђб N i 1. 115,C# X7 - . Рђб7'.1t ' 1,1( Рђб fie Рђб .
' t. . 9
Рђб Рђб
1. ...) Рђб 10 . Рђб Рђб &I It 1 / Рђб - 4 *1 61
Рђб
Рђб
A sli _ Рђб _, I a a Рђб 4 _ ,,, A , lt i e Рђб 4 .., j. "" IL _ . ' Рђб - ili 1 - . lit - . . , I Рђб 1 .Рђб . - 0 , ' itt # i, 0 4 I i e . t '"""" 4 .V t . - ' Рђб it . Рђб Рђб 144O it Рђб,.'' Рђб . .. lb . s yy- .. Рђб at ., Рђб , Рђў Рђб 4, 44 4 la ii Рђб Рђб
. .. a . Рђб .I to 4 . . Рђб A ' ''' Рђб Рђб 4 : i ! ' , r , Oh Рђб Рђб Рђб lb A l , a i - . a Рђб РђбРђб Рђб cii . 4 V . . Рђб - f , t - is ,, . ,s Рђбo Рђб r , . % - ' '4% Рђб 4 N .` 1 Рђб , 1 ' 2 v - , . t 4.i - . . ' Рђб "" 7. ' p 4, ..1 .,.. Рђб 4 0
4.
'-Рђб
"
EFTA00008476.pdf|"Рђб Рђб
Рђб Рђб
"
EFTA00008477.pdf|"Рђб
Рђб a
Рђб , Рђб
Рђб Рђб Рђб Рђб . V-
Рђб SA, ' I'S ,
РђбРђб 9 Рђб J. Рђб
4P
1 - Рђб Рђб F..-% Рђб
"
EFTA00008478.pdf|"WOC OVIV e ONNAKO
0= rY
РђбРђбРђбРђбРђбРђбРђбРђбРђбРђб Рђб.РђбРђбРђбРђбРђбРђбРђбРђб
. . Рђб
- Рђб Рђб
"
EFTA00008479.pdf|
EFTA00008480.pdf|"Рђб
VI
; . Рђб
:e Рђб n"": 4 ; j..""16:Рђб11,. ""-CT ..4..
Рђб
Рђб Рђб
Рђъ Рђб Рђб
Рђб j - ;i Рђб РђбРђб Рђб РђбРђб РђбРђб Рђб Рђб Рђб . e ' . Рђб Рђб Рђб - Рђб Рђб , Рђб . Рђб Рђб Рђб Рђб Рђб a Рђб Рђб Рђб ' f r "" a ,Рђб Or
Рђб . Рђб Рђб РђбРђб . РђбРђб . Рђб Рђб Рђб Рђб Рђб Рђб
./4 Рђб No Рђб Рђб Рђб Рђб
1.Рђб Рђб . .A4 Рђб . I Рђб Рђб РђбРђб Рђб Рђб . Рђб Рђб 1. Рђб РђбРђб
РђъРђъ Рђб Рђб
Рђб
Рђб 7
. .4
4 Рђб Рђб 10. Рђб, Рђб Рђб Рђб to1. Рђб Рђб
Рђб Рђб
Рђб
Рђб
Рђб
,Рђб Рђб
Рђб Рђб
.Рђб a
Рђб14, , Рђб 1,4 Рђб Рђб Рђб
-
it. Рђб . Рђб .
4 C..Рђб 4.Рђб Рђбt'Рђб . Рђб Рђб/*
. Рђб Рђб .Рђб Рђб fa Рђб , . Рђб ;
C
/1
Рђб РђбРђбРђб Рђб
; РђбРђб.Рђб Рђб . Рђб
Рђб Рђб a ea Рђб e 4 S . 4
Рђб
S Рђб t
Рђб
. Рђб Рђб . r . Рђб 4 . Рђб Рђб . Рђб Рђб Рђб Рђб Рђб Рђб , Рђб a I . P РђбРђб V Рђб . . . I I Рђб - Рђб a . . I . 4 1 - Рђб . 1 Рђб . Рђб S . t . # . Рђб 4 Рђб . Рђб Рђб .. Рђб Рђб Рќ║ Рђб . r Рђб . . Рђб Рђб . . . .Рђб Рђб Рђб 0 "" . . . . , Рђъ , - l 9 e . l k te6 m e y ts 4e Рђў? s o , ' A ` ft N c s l a k e t Рђў , . . z k sN 0 k Рђўs 4 k Рђў k / S N
k% z ...-
rkma % F In e
;
d v e e
Рђъ
s ra . t o Рђб i l g f
.
C e a
7
u
.
t r
5 4' Рђб
r in ed V t _ e r s o te t i g 't e a u ti
Рђб
r o e
m
n
t
\ a
.
U *
Рђб Рђб a'
4 Рђб
-
. 4.
Рђб
r. Рђб
' Рђб
Рђб
Рђб Рђб Рђб
Рђб Рђб РђбРђб Рђб - Рђб Рђб Рђб Рђб Рђб Рђб Рђб
e Рђб
Рђб
a Рђб . . Рђб Рђб
.J
F
r
Рђб
.
I
.
""
.
-
Рђб
Рђб .
I
t Рђб Рђб 4
Рђб
I P .
,
I . . 4: . a Рђб 1 Рђб .
Рђб g
4
Рђб
'
Рђб
$ 4 . .
0 .
. Рђб ' Рђб Рђб Рђб : . Рђб i a 4 Рђб Рђб 1 Рђб I I . Рђб ) Рђћ s . i
I
"" Рђб
l i
r Рђб Рђб .
I l
I
k
lk
c
k
.
% k %
1
-- % E Рђб s & 4 e T g m s hN o o "" . o a e e ro ' : ', - r : 1 5 57,T
:
O 0
?
1 y `
0
0 14/
,
s s
Рђў
175r (11b
P
5
e
r
ek,
, "" 1----- РђъРђћ,uNnro
F
o
ie
t
ld
s
a o
r
ncf
n
f ra
Рђъ3
c
/
n
4 _ _ % N p rh o o e , t m
l_ Рђб Рђб РђбРђб , e Рђб . . - ... 1 .
Рђб _ - Рђб Рђб , . 4 Рђб . Рђб - 4 Рђб Рђб , Рђб0 Рђб Рђб Рђб . .. j . Рђб Рђб .. .... s . t 4 . A Рђб * Рђб Рђб '. Рђб 1 i Рђб Рђб s i Рђъ - . . fe . r s a Рђб Рђб 1 s . e. ( Рђб . las cr,uРђъ
. wIlioff1/4,10%,
' Рђб РђбРђб Рђб Рђб Рђб . , Рђб I' Рђъor
Рђб
s
. Рђб .S r . . o Рђў .
,
..,. .-0. Рђб
41..0
;
II?
.4. . .. i ' '
illP Рђб Рђб
e Рђб . "" . . . i Рђб '' Рђб 0 ki0i * 'Рђб1 "" 4 РђбРђбРђб ; , РђбРђб . 4 Рђб . 0 . 7, , . . - - - - : . a . s 24 r . r Рђб Рђб Рђб iРђб -Рђб .' ' , :.e a r . Рђб . Рђб a ' 4 Рђб - 4 4 Рђб . 1% I< 1 0 Рђб . Рђб . Рђб Рђб Рђб Рђб Рђб . Рђб Рђб 1 . Рђб Рђб 4 , . : Рђб S. A Рђб .*- - Рђб w Рђб Рђб . s , i ' Рђб Рђб Рђб Рђб - Рђб:Рђб Рђб ' Рђб ' ""РђбРђб Рђб Рђб
"
EFTA00008481.pdf|"3 11 ,
2o2,5
DATE
CIOC- - NY- ' 15,-C-1-(S99 3/e- AIM-
CASE ID 5┬░P- NY -3┬░2-771
PHOTOGRAPHER_
luD
LOCATION
f),,qtv
ZO6 ns-1-149-1--i-3()
Linc:Ati;
"
EFTA00008482.pdf|"Chain of Custody - ELSUR Evidcatt Mc Snip Envelope
FD-5044 (Rev. S-31-2017) 6 - 04- 3) 5 9 .5q
7 9 #:
Case File #:
Doc# Total #4 ,nitre
Case Agent/Task Force Officer. SR
Evidence Type: 0 Title 111 q FISA 0 Consensual Monitoring 0 Computer Trespass
El/Video Surveillance q PR/IT q Aerial Survelliance 0 Object T
EI/Ijon-Custodial Рђћ Overt Interview 0 Custodial Рђћ Interview
0 Non-Custodial Рђћ Surreptitious Interview 0 Other
Enclosure: ErOriginat 0 Enhanced Original
Media Type: lia(CD/DVD/Blue Ray 0 Hard Drive 0 SD Card 0 Other
RI _Lei., Ye ky
Location:
Intercept Date(s): .eilli 1995 pen
Download Date: I3. it( 3.2, Download Time:
Title Ill/CM Interceptees РђћEr/Listed Below or 0 Sec Attached
'Chat- a is_ 1-1-ar ric
Print Name:
Print Name:
Signature:
Signature: ,
T. Mime: Date:
Date:
Reason:
Reason: TR""
Tracking #:
Tracking ti -
Print Name:
Print Name:
S D R i e a g a t n e s a : o t n u : r e: I S ) 2 i ff Tim e e: c t O o . 1 L A 2 - liar(
S
D R
i
e a
g
a t
n
e s
a
: o
t
n
u
: 1
r e
/
:
/3 --darinse;$ T S i 2 m e: Рђб
Tracking #:
Tracking #:
Print Name:
Print Name:
Signature:
Signature: n
Date: Tior: O Date: 2Рђћ /
ROYOaC I VI, pi) r 01(4 ih Reason:
MASS
Tracking #:
"
EFTA00008483.pdf|"( itai oireРђбRody - ELSUR Et Mt &Kati &Sot* РђбРђбРђбРђбРђб
i 04040 (Rev. SРђб31.201n M
ey O warm
Case File a: ,31E- -MM- IVW ID a: i cc4.) nee
oРђћGam .
Doc, Total al of Discs / 0c
Case Agent/Task Force Officer: Ntos
a awn.
Evidence Type: 0 Title III 0 FISA 0 Consensual Monitoring 0 Computer Trespasser
la-Video Surveillance q Pwrr 0 Aerial Surveillance 0 Object Tracker
15r Non-Custodial - Oven Interview Custodial - Interview
0 Non-Custodial - Surreptitious Interview [g Other
Enclosure: la Original 0 Enhanced Original
Media Type: q CD'DVD/Blue Ray 0 Hard Drive 0 SD Card 0 Other
acsРЅЦ.\ Location: UR
0.
Intercept Date(s): O4 I'-\ I
aim: A-
Download Date: clA ;Рђў-Рђў I Download Time: Рђб L
low or O See Attached
Рђўccepted Custody Released Custody
Print \,u, Print Name:
Signat Lac Signatu
Date: Date: s a
Reason: \ Reason:
Tmcking gt: Tracking #:
Print Name: Print Namc:
Signature: Signature:
Date: )(pc- Time: g:33140/ Date: '
Reason: ate ""pie4f Reason:
Tracking 14:
Tracking N:
Print Name:
Print Name:
Signature:
Signature.
Dote:
Time: Date: _
R
Reason.
leking #: Tracking ,.
i0 Mr
31
1.1
"
EFTA00008484.pdf|"Chain of Custody-ELSUR Evidence Envelope
FB-504b (Rev. 547.01)
Ng O Enhanced Original
Enclosure:
Original O Duplicate
Medium: O Magnetic Tape O Computer Disk
O Printed Material
33?--7 I DU:
Case Filen:
Tapc/Diskft:
Case Agt.:
Agt. Supervising Title III Intercepts:
O Court Authorized Intercept -
Source/Symbolii:
Gm 56-41
J2f Consensual Monitoring Intercept - CM# (if assigned):
O Te
I
le
f
p
N
ho
T
n
C
ic
M
( T
S
C
pe
M
c
)
if y Dev
N
ic
o
e
n
U
te
s
l
e
e
d
p
:
h o nic (N f T : C 1 M 3 ) /fi
O Recording of an Interview
O Volunteered/Subpoenaed Medium - Not FBI ELSUR
O Other Type of
Recording/Interception, Specify:
ADV.,
Intercept Date: 0/103/D9
Place:
Akebh
Data Transferred for Permanent Storage - Date: I t /03/0 1 Time:
O Consensual: List Intercept= Below O Court Authorized: Enter "" See Log"" Below
Рђб
tirtdo
fiodrisuet
Released to
Ac
Signature:
S
D
i
a
g
t
n
e
a
:
tu re:
0 0
Time:
D
R
a
ea
te
s
:
o n:
Reason: /
Signature:
Signatu
sen: .4 .
Date:
Date: Reason:
Re.1501) an L.
TIG1i
Signature:
Signature. Date:
VE Date: Reason:
Reason:
Signatu
Signature Date:
Date: kill
Reason: E02782875
I in milli
40 nuEing
"
EFTA00008485.pdf|"lain of Custody- ELSUR Evidence Envelope Рђб
(Rev. $.17A1)
k
Enclosure: Original O Duplicate O Enhanced Original
Medium: O Magnetic Tape O Computer Disk O Printed Material
7d-Mtif\--It3311
ION: /D --C-2 '
Case Ei RN:
Tape/Disk/1:
Case Agt.:
Av. Supervising Title III Intercepts:
O Court Authorized Intercept- Source/Symbota: friga 5644
Consensual Monitoring Intercept - CM# (if assigned):
re, O Telephonic (TCM) pa Nontelephonic (NTC v M )
If NTCM Specify Device Used: CC.,r
O Recording of an Interview
q Volunteered/Subpoenaed Medium - Not FBI ELSUR
O Other Type of Recording/Interception, Specify:
/30ca. 44-inn Fi-
Intercept Date:
iiiO3/01 Place:
n/03/191 Time. LI:406pm,
Data Transferred for Pemument Storage - Date:
04 Consensual: List Interceptees Below O Court Authorized: Enter"" See Log"" Below
AMQ
IfainsieeAdS.
VAlictdo
Aorirty(C7-
Siagncature:
Signatu
Date:
D
Re
a
a
te
s
:
o n :
F v t
r f.Lot
T ime: itt frokro zpbt ) cnyk
J-
SignatureigtHavРђбy Time:
Signature:
Date: Time: D
Re
a
a
te
s
:
on:
EP
Reason:
-Рђўr
S.gnature:
Signature:
Date:
Time: P
Date: Time: Reason:
Reason:
Signature:
Signature: Date -- jlti .131 II
Da Reason:
"
EFTA00008486.pdf|"UR Evidence Envelope
gina) 0 Duplicate 0 Enhanced Original
nctic Tape 0 Computer Disk 0 Printed Material
IDa:
Case
Tape/Diskti:
Aga SupervisingTitle III Intercepts:
O Court Authorized Intercept - Source/Symbola: 5-94P
g
Co1ns6en sual Monitoring Intercept - CMII (if assigned):
GAO'
Telephonic (TCM) q Nonteiephonie (NTCM)
If NTCM Specify Device Used:
O Recording of an Interview
O Volunteered/Subpoenaed Medium - Not FBI ELSUR
O Other Type of Recordin Interception, Specify:
Intercept Date: r
a.
Place: lilt 5. J 7t O
n n II iiekett, f
Data Transferred for Permanent Storage - Date: 1110 Time: 5 :aloe,.
O Consensual: List interceptees Below 0 Court Authorized: Enter See Log"" Below
1174'Sj1 ir-7-1-7h-runt-0-
/Pad 1-,-z4
AD r )(AG 2-
41I !tin
Signature: Signature
Date: o time: Date: /2/ tune
Reason: . Reason:
Signature Signature:
Date: ime. Date: /
Reason: La-00 Reason:
Рќ║
Signature: Signature: MEP,
Date: Time: Date:
R Reson:
REAL
Signature:
D Date:
R Reason:
111Uffirsui Рђб .3"" MOMIlsolit
"
EFTA00008487.pdf|"Oras.4t Evidence Envelope
Enclosure: el Original 0 Duplicate 0 Enhanced Original
Medium: 0 Magnetic Tape 0 Computer Disk 0 Printed iMatter i 4 al
tnIa-7
Case Filers 1X -MS1 - IDA
Cast Agt. Tape/Disk*:
Agt. Supervising Title III Intercepts:
O Court Authorized Intercept Source/SymboIN:
Рђб Consensual Monitoring Intercept- CMN (if assigned): Crtii ,64P
piSe Telephonic (TCM) 0 Nontelephonic (NTCM)
If NTCM Specify Device Used:
q Recording of an Interview
q Volunteered/Subpoenaed Medium - Not FBI ELSUR
O Other Type of Recordin Interception, Specify:
Intercept Date: Place: OMr e A hm ibeA( Az FL
Data Transferred for Permanent Storage Date; 1110 3 /0 9 Time: (P. 5 ipm
Рђб Consensual: List Interceptees Below 0 Court Authorized: Enter"" See Log"" Below
ented Custody ',pleatedrustodv
Signatu Signature:
Date: it jul 10\ Time: Date: )4../#1 .
Reason: Lvrr jit4Gf4 Reason: /C
-1-1Рђб1 03 AO
Signature Signature:
Date: Date:
Reason: Reason:
NOLLVOI1S3ANI
1.10 1.1t,
30
I'll HI MIMI┬░
E02782876
"
EFTA00008488.pdf|"Chain of Custody-ELSUR Evidence Envelope
Fri-aothotev.
Enclosure: i Original 0 Duplicate 0 Enhanced Original
Medium: 0 Magnetic Tape 0 Computer Disk 0 Printed Material
Case Filc4: 1 Рђћ AllA/14""113377 I Da: iii) --.
Case Agt.:
Tape/Diskth
Agt. Supervising Title III Intercepts:
O Court Authorized Intercept - Souree/Symbol#: 6-5-41
Consensual Monitoring Intercept - CM# (if assigned):
&s4
Telephonic (TCM) 0 Nontelcphonie (NTCM)
If NTCM Specify Device Used:
O Recording of an Interview
O Volunteered/Subpoenaed Medium - Not FBI ELSUR
O Other Type of Recording/Intreception. Specify: pz-
Intercept Date: /0/V1101 Place: /Voilb/ Si fAolec\i beacl ,/
Data Transferred for Permanent Storage - Date: Tim d : 447//11
O Consensual: List Interceptees Below 0 Court Authorized: Enter "" See Log"" Below
tetaiLni
*64-1-4-c-brA
vAtifedo Choir; c7-
5Рђю
eleased Custody
Signature Signature
Date: Time: L31,2___ Date: !WTI ie, 7 lime: _
ReasorTill*SCA Reason: Slot (>1, eРђћ
Рђб4433 tic
Signature: Signature:
.
Date: Date: kr)-7
Reason: Reason:
Signature:
V tir izt, uoic:
Date: dUi Time:
S AL BUREi Reason: I
FEDEFU Lr
Signature. Signature:
D
Re
a
a
te
s
:
o n:
Time.
\\-i\\.
D
R
a
ea
te
s
:
o n:
T
--
i
v
m e: Ulgi""
ILIMAII, AC Cantina na.tansake Рђб
"
EFTA00008489.pdf|"of Custody-ELSUR Evidence Envelope
(Rev 847-00
Enclosure: 513 Original O Duplicate O Enhanced Original
Medium: 0 Magnetic Tape O Computer Disk O Printed Material
Case File/: 1D-6
ID#:
Case Agt.:
Tape/Disk#:
Agt. Supervising Title III Intercepts:
O Court Authorized Intercept - Souree/Symbolti:
54
Co
p
ns
g
e nsual Monitoring Intercept - CM# (if assigned): (4441-_97fii
Telephonic (TCM) 0 Nontelephonic (NTCM)
If NTCM Specify Device Used:
O Recording of an Interview
O Volunteered/Subpoenaed Medium - Not FBI ELSUR
O Other Type of Recording/Interception, Specify:
Intercept Date: /0/Th . 0 CI Place: ki 51 Pc,lin AtA(.Рђўt i FL
9
Data Transferred for Permanent Storage - Date: /0 a-6""/o Time: 9 :apt"",
O Consensual: List Intereeptces Below 0 Court Authorized: Enter "" See Log"" Below
e
_iewkietr 6 a.e il ey echourch
VA/ire, Afm1 uC
Signature:
Signature:
Date: f Time: t Date:
Reason: rSvi'dtAGC
Reason:
Signatu r
Signatur,e:
Date: ime: t - Date: a I ime:
8118 1VEIT
Reason: _124.1-4:144-e,
Reason: .-c2rceAwye: ttilaine inn(
IA
It
lam is _ Time . : 6 AgS,1 D Si a g t n e a : ture
Reason:
MOI
Signature:
Signature:
R
D
e
a
a
te
s
:
o n :
Time:
R
D
e
a
a
te
s
:
o n :
Time: _
1111g71811,11
tfl
Рђб
t(ii so Jo ntrauttnitmad
"
EFTA00008490.pdf|"JESUS
jovqiif .4 EVES
mrs
"
EFTA00008491.pdf|"ri ;: 'R S;
"
EFTA00008492.pdf|"\TIEN:1OH S: 'R
FME Рђў4:Ns!il;c:4:1Or.
Dill ITEM FOE DISni%'ElIZY 501:-.NV.34127C;!
IICKLEtLZIrsig
"
EFTA00008493.pdf|"Рђб ar Рђб РђбРђб Рђб Рђб a Рђб Рђб РђбРђб Рђб aia Рђб 1%, 4. ... ..a. РђбРђб Рђб it.s , Рђб , ... Рђъ 1Рђб1 i. a AL. . , .Рђб
Рђб Рђб l Рђб i . Рђб . V . IS Рђб Рђб . Рђб Рђб Рђб sr РђбРђб Рђб Рђб .All Рђб Рђб Рђб Рђб . - ft . . Рђб . .- Рђб Рђб . . 0 Рђб . Рђб . . . t Рђб 1: Рђб Рђб. : I ii I ' , li . . b Рђб - I I l P i Рђб t a Рђб . Рђъ - _ I . "" 1 4 0 РђбРђб i , . h , P ""Рђб Рђб * . Рђб . . i , Рђб Рђб Рђб Рђб РђбРђбРђбРђб a .1 0 8 , .Рђб Рђб . 16 Рђб il I k P . Рђб Рђб ' Рђб Рђб I Рђб V ,TIV Il . k 0 . Рђб Рђб Рђб РђбРђб РђбРђб , 0 4, Рђб Рђб Рђб ,1 daРђъ, Рђб;Рђб .. Рђб . I Рђб Рђб ,.... Рђб a.
. V 0 Рђб 0 Рђб ' . e 4 a a i Рђб - b e Рђб . Рђб S Рђб t . Рђб Рђб Рђб РђбРђб * Рђб РђбРђб Рђб РђбРђб Рђб Рђб M I Рђб Рђб . Рђб e Рђб Рђб Рђб . l - l Рђб Рђб ' ' ' ' Рђб II, Рђб . Рђб Рђб Рђб Рђб .i Рђб . a - Рђб t . Рђб Рђб Рђб Рђб 4 . d - o 9 r , . Рђб . Рђб ., Рђб . , ,is ii . i.Рђб 7 Рђб . 4 Рђб 11 041 "",РђбРђб1 . ┬░ .. I Рђб ta IC ly 4 . t . . . 0 ,, , ┬Ф ,,- . ,- x N A . ..4 . ' . 1 . Рђб , a . Рђб ' Рђб Рђб I . I Рђб РђбРђб . ' . . . a . .. . . . . 1 . , , 1 Рђб , r . . Рђъ,.. Рђб 4 .. Рђб A . I Рђб P * Рђб . Рђб . l e . . Рђб l. Рђб j ib -a ;s Рђб o . Рђб . .. Рђб . Рђб . : . A Рђб . 1 e Рђб Рђб Рђб Рђб e Рђб s - Рђб Рђб Рђб Рђб - Рђб Рђб 4 e. ' Рђб a Рђб Рђб f Рђб . Рђб .
oil /PРђб . "". Рђб Рђб .7 A , РђбРђб . ,, . ,, .. doРђб, nl~ . 0. . . Рђб Рђб Рђб - РђбIrРђб .
РђбРђбРђб .. . lb o r ID r .7. . rr int .1"" ' 0 . . .. i 9
....0. Рђб РђбРђбРђбРђъ . Рђб . РђбРђбРђб4 Рђб , p ' РђбРђб Рђб . r Рђб . Рђб Рђб .., Рђб Рђб MI . 1 ' ., Рђб . ? . e i lРђб p Рђб Рђб Рђб Рђб .. . ' Рђб 8. Рђб or Рђб Рђб . . I. Рђб
Рђб 6 a, 7;01 . Рђб Рђб РђбРђбРђб.Рђб I * P a s Рђб aРђб #1 ;S . i. - Рђб Рђб Рђб Рђб Рђб Рђб РђбРђб
... Рђб Рђб Рђб . РђбРђб r. - Рђб . .Рђб Рђб1.
Рђб 1 . Рђў.. - 1 Рђб Рђб 4, Рђб - _ . .. e l. .. ' i Рђб .Рђб . . . . 4.. -, c u. Рђб Рђб . ...., -
Рђб ' q Рђб 4 Рђб a 7 I Рђб P Рђб Ss . . I . Рђб . fr , o c N . . РђбРђб . . . ). Рђб I IIIIРђб. ' .,' 0 . . . - Рђб Рђб РђбW РђбРђб lb 4 Рђб Рђб , Рђб Рђб Рђб Рђб I I'
Рђб
Рђъ Рђб
a . i Рђб ., -,
# li Рђб .. f- - Рђб 44 'et
ill . a 0 / pРђб ' Рђб Рђб Рђб . s a, a'. Рђб Рђб I tel . *4 . Рђў...I. Рђб РђбРђб 41 . . , . ' Рђб
I . Рђб Рђб Рђб . JРђб Рђб d' , Рђб e - .4 ..Рђб Рђб I . 4 1. Рђб Рђб - .. Рђб Рђб a Рђб Рђб Рђб Рђб a: Рђб . ' .. Рђб .Рђб , Рђб . 4 IP Рђб 0 . . . . Рђб ' - Рђб 1
4.Рђб
44
. a . , Рђб - Рђб4 . ,- a. Рђб
:РђбРђб . 0 . - Рђб *
Рђб . Рђћ Рђб
Рђб Рђб Рђб -РђбРђбРђбРђб Рђб РђбРђб 4.- 1:. Рђб . Рђб . .. .. .. - 4, 1 I. 1 .. Рђб Рђб v Рђб . Рђб , 4.1 . $ Рђб Рђб e ' i Рђб J # . W . V Рђб .
'' - ' ' . .: . .. . :44 Рђб: ' 7 .. ""Рђб . Рђў r ' Рђб Рђб 2 Рђб - ' .I 1 0 ). ; Рђў, Рђб# Рђб Рђб Рђб . V. Рђб e I t Рђб Рђб I ill III I . 1 . * Рђб .. Рђб Рђб N t ' a Рђб Рђўl : Рђб ' -t N Рђб Рђб /a t . i ;s Рђб l ; e Рђб 4 ' Рђб . Рђб . K ' ; Рђб РђбРђб ., 4.Рђб . 2 t' Рђб,
РђбРђб.Рђб
.
.
' Рђб Рђб
' Рђб ' ti . Wit Рђб Рђб
Рђб Рђб 4 Рђб V t
Рђб
Рђб Рђб Рђб
Рђб
. РђбРђб $ II) or
Рђб .Рђб ei ' oll Рђб a Рђб Рђб Рђб ^. i .. Рђб . eill Рђбia
Рђў li ..Рђб , ' РђбРђбРђб_ 1 .
;4 6 0 q Рђб , Рђб 5.- Рђб - РђбIP I I. РђбРђб N ,
.
'I ..'.. ' ;.. Рђб Рђб
mo . ,*Рђб. Рђб Рђб .t. ; 4"".-4.РђбРђб- - Рђб
Рђб Рђб Рђб РђбРђб РђбРђбРђб . V Рђб . РђбРђб РђбРђбРђб
tc"" Рђб
'r Рђб
Рђб ' Рђб a Рђб
Рђб
Рђб Рђб J Рђб if
"
EFTA00008494.pdf|"&
Рђб
Рђб -Рђб.
Рђб
. -
. . .'
Рђб
Irk Рђб . . Рђб
... el
Рђб I . l . l P... 4:111.:.)
Рђб
4
"
EFTA00008495.pdf|"Рђб . Рђб РђбРђбr
. Рђб
Рђб Рђб
Рђб Рђб
Рђб '
Рђб
; Рђб
Рђб Рђб .
Рђб
Рђб
Рђб
"
EFTA00008496.pdf|"- . a Рђб 'Рђъ i . , Рђб . Рђб . ., - . - Рђб . Рђб Рђб 's ' - . e Рђб t , РЎд . r Рђб , . . . .. РЎд ' t Рђб Рђб . I. e . s Рђб Рђб ' .. in . "" I .- . Рђб t . Рђб Рђб Рђб Рђб . ! - . . . . Рђб . , t Рђб - "" I . I .. Рђб ' ' , . P . ' "" . Рђб . . . Рђб es . l o - - ; . b . . . e - $ e . . 1 4 1 ' . Рђб . . . % Рђб Рђб Рђб 4 4 Рђб st . . 0 . Рђб . 'Рђб `"" Рђб . Рђб . Рђб .. . e ' - Рђб Рђб 'ga. : l - . . Рђб 1 . . j.e,. Рђб , Рђб _ Рђб . Рђб 4 %.-
. Рђб . I i . S' Рђб Рђб Рђб . . . .. Рђб .C Рђб ' Рђъ 4 . .. . Рђб . 4. e . "" '. Рђб . ' . . , ' Рђб C Рђб - Рђб ? Рђб :Рђб ' . a Рђб % Рђб - ' РђбРђб 2 . 4 . Рђб I, - - :- ' Рђб ' . ;/ Рђб & Рђб "" 4 Рђб I ' - .. #РђбРђб - Рђб . Рђб Рђб . Рђб . 4 r . . 11 ' Рђб Рђб - .. Рђъ. Рђб , / 4 Рђб Рђб . .. Рђб Рђб . - Рђб РђъiРђб Рђб t Рђб ', Рђб Рђб - ; . Рђб . Рђб -. . Рђб t . : ' . Рђб 1 . "". . . Рђб .' Рђб .. . . 4 . ' . Рђб I . . a Рђб - . . Рђб Рђб Рђб I Рђб . Рђб . a . Рђб . , . Рђб . . Рђб . w Рђб :I . Рђб , : Рђб Рђб Рђб -. Рђб I Рђб . ' . .. . a РђбРђб r . Рђб . Рђб Рђб . . , .. . a . i . ' i -. . Рђб . ' s - t _ T Рђб . . Рђб . . . Рђб . . Рђб Рђб , 4 . Рђб Рђб . . Рђб t Рђб .
, .. ... Рђб . ""i - , .
t Рђб it: .
Рђб . Рђб et4 .._
3 . '
.. Рђб mew Рђб
"
EFTA00008497.pdf|"Рђб., .. , Рђб Рђў,..,-. 4РђбРђб :,Рђб . iРђб Рђб.
Рђб Рђб .. .. Рђб ..
Рђб
f
Рђб Рђб ., Рђб ;a. Рђб
i РђбРђб
.
Рђб W di A "" ' , . re% Рђб # ' РђбРђб Рђб Рђб - . Рђб .. Рђъ ' . , Рђб Рђб РђбРђб Рђъ A a ..... Рђб
Рђб I
Рђб bi Рђб Рђб I'S Рђб Рђб & Рђб РђбРђб Рђб .Рђб Рђб i . A .0. Рђб . . РђбРђбРђб
a % Рђб РђбРђб ' t Рђб . Рђб : Рђб Рђб . Рђб ... Рђб Рђб . Рђб 4. / a Рђб i r . Рђб . * ; Рђб p +1 . . . * . . Рђб . Рђб 7 . bk. t'L РђбРђб Рђб t - 41Рђб , 4 "".. Рђб 4 РђбРђб . , . . 1 . . :. РђбРђб to 6 4 ' 4, '. Рђб . -Рђб Рђб 4 1 4 . ' 1,
C. Рђб Рђб Рђб Рђб .7.Рђъ,. a ; Рђб - 41, Рђб Рђб Рђб.' 9 4 a ' I Рђб Рђб Рђб
_ РђбРђб . Рђб Рђб PРђб 91 , Рђб Рђб -et Рђб -... Рђб Рђб Рђб
. Рђб Рђб VD.
Рђб
Рђб Рђб . 4.
Рђб Рђб
a . .
.
Рђб
, . r Рђб Ilb Рђб A Рђб
.5 . Рђб Рђб Рђб Рђб d e Рђб Рђб r I n .: 0 l , b . . ; i Рђъ - i I r ', d e""' , Рђб 6 A . . . t , Рђб . V Рђб Рђб ? ,r - ,a 4 i . , , Рђб ; i A g Рђб - Рђъ ' Рђб t , z Рђб Рђб . Рђб 5 . 4 4. Рђб 11 Рђб i Рђб i Рђб Рђб . ). ' 0 4 . a - , Рђб- v .. ' Рђб . 4 . . . - ! Рђў . "" . Рђб 1 .' ', ih
{ ip Рђб 1.- ill, ' Рђб Рђб Ir. 4 u it I"" ' is Рђб . , < f - ...Рђб 4 Рђб . 0
, B
4 Рђб sib. . Рђб 9 Рђб _ Рђб 4. Рђб. 4
Рђб
Рђб A Рђб '
Рђб r.. f Рђб t A ... . 1 / . .. Рђб ' .. "" 4,I L,I . . 4 "" ""... s ' t e . r u . ..4' _ 4 , Рђб II . ' Рђб Рђб . ' .... may
4- Рђб.. Рђб 4: Рђб --. - 11-
AA e , 41 . I Рђб Рђб .,Рђб ta , J. Рђб Рђб '
Рђб Рђб 0 Рђб ..
Рђб
РђбРђб
' - . , Рђб1 1 Рђб . Рђб Рђб w 11 Рђб Рђб Рђб r :. -.- . .- , ...,.- f t '
T Рђб . Рђб Рђб Рђб . . . Рђб РђбI . .. , Рђб - a Рђб . , 4 . '' s . ii . ' Рђб A - ..41 . . . - 1 Рђб . . . . . Рђб Рђб 5 , Рђб . Рђб Рђб 4 Рђб k . Рђб S . . 4 . Рђб t - 0 . * - i l . . 4. Рђб -
Рђб 14 РђбРђбРђб . - 7. . .
.A. Рђб w - Рђб . ; -, РђбРђб - ....:. 7.Рђб
- - 4 Рђб ... t I e Рђб St 4 It:"" Рђб РђбРђб ?Ai r Рђб - , Рђб ...
. . Рђб Рђб VI. Рђб .0. РђбРђб 2 . 1' r Рђб . .11j,..., T ' РђбI
Рђб РђбРђбРђб4 4,Рђб-Рђб .Рђб
A
. . . Рђб b Рђб . . . 4.1"" . A 4 3 ..;/. L Рђб . Il.m' .Рђб -
Рђб 7.Рђб f. Рђб Рђб -
e f
. Рђб 41 .. - N
.4, , .r: .11, .Рђб . Ss. 1:.,.. II
;РђбРђб,. .., , .. . Рђб .. 0,7 Рђб Рђб ip 4 9.. . Рђб . 1% 3 . ' li.
Рђб a IS ,Рђб .1 NIL
4. fl,
.. ..Рђб (РђбРђбРђбРђбРђбРђб i Рђб . - Рђб
riРђб Рђб "" I, Рђб
Рђб Рђб sРђб
Рђб
"
EFTA00008498.pdf|
EFTA00008499.pdf|"Рђб Рђб , 1 , Рђб . Рђб Рђб Рђћ Рђб ,
-41 11, 4.
As- ' IP IIP I I .11. Рђб ' РђбC`e . t II Рђб . . Рђб Рђб Рђб li
it Рђб i s""... Рђб
N.. Y,ah CANT I at,
Pion i
iffin
NYC024373 Item 33 S/17-
O
Fy<
3:47571 31E-N9- WriS"", I
Lithe StРђб94 Acmes U it
VI 1h, iclaKtIS )b* Pees(
in %Ivey YAM vosoWer 19
tAhtt-i Sarver
Nit ID: Ile. 4131.A11$44
3214-1AW.A.
1.┬░e ID: t O
SA
f.. . .
eV Рђб
20.
1
Рђб .(┬░. S Рђб
., Рђб
'S Рђб Рђб
Рђб ;4,v a
4 Рђб Рђб '
"
EFTA00008500.pdf|"Рђб Рђб
,
Рђб
Рђб Рђб
Рђб Рђб Рђб
:
Рђб
a . Рђъ Рђб
4 '
Рђб
.
1
4
F
.
Рђб .
,P
РђбN
,
a
.
,
Рђб
' Рђћ s
Рђб Рђб
V
Рђб
Рђб .
I ' A -P d
f j
4
p
-
Рђб
Рђћ
4
- - . - '
Рђб Рђб
Рђб
4
Рђб
Рђб Рђб
Рђб
Рђб 4
Рђб
4
i t ' .4
0
Рђб
a
4 1 :'
РђбРђбРђб
Рђб
Рђб
4
Рђб e4
.
Рђб Рђб .
Рђб
a
-
4
, r
.
4 Рђб
5
Рђб
РђбРђбРђб
t
Рђб
.
Рђб
РђбРђбРђб
Рђб
Рђб
4
V
l
a C
A
R
Рђб Рђб1
d V РђбРђбРђб t .
C A
Рђб
'O
1 '
Рђб
2
""
'
РђбРђб*,
F
Рђб
Рђб
Рђб i
OV
Рђб
Рђб
Рђб
Рђб % Рђб .
t
'
Рђб
Рђб 9 *
U
T
Рђб v r
Рђб
'
i r
e
_4
*
Рђб
* , '
Рђб
v
Рђб
. Рђб
I
Рђб
t
t i
IO
N Рђб Рђб
Рђб
Рђб Рђб Рђб
Рђб
*
Рђб
Рђб Рђб
Рђб
Рђб Рђб
Рђб Рђб Рђб Рђб
Рђб Рђб
Рђб Рђб Рђб
Рђб
Рђб
Рђб Рђб Рђб
Рђб
Рђб
Рђб
Рђб Рђб
Рђб
Рђб Рђб
Рђб Рђб Рђб Рђб
Рђб Рђб
Рђб Рђб Рђб
Рђб
Рђб
Рђб Рђб Рђб
Рђб
Рђб
Рђб
Рђб Рђб
Рђб
Рђб Рђб
Рђб Рђб Рђб Рђб
Рђб Рђб
Рђб Рђб Рђб
Рђб
Рђб
Рђб Рђб Рђб
Рђб
Рђб
Рђб
Рђб Рђб
Рђб
Рђб Рђб
Рђб Рђб Рђб Рђб
Рђб Рђб
Рђб Рђб Рђб
Рђб
Рђб
Рђб Рђб Рђб
Рђб
Рђб
Рђб
Рђб Рђб
Рђб
Рђб Рђб
Рђб Рђб Рђб Рђб
Рђб Рђб
Рђб Рђб Рђб
Рђб
Рђб
Рђб Рђб Рђб
Рђб
Рђб
Рђб
Рђб Рђб
Рђб
Рђб Рђб
Рђб Рђб Рђб Рђб
Рђб Рђб
Рђб Рђб Рђб
Рђб
Рђб
Рђб Рђб Рђб
Рђб
Рђб
Рђб
Рђб Рђб
Рђб
Рђб Рђб
Рђб Рђб Рђб Рђб
Рђб Рђб
Рђб Рђб Рђб
Рђб
Рђб
Рђб Рђб Рђб
Рђб
Рђб
Рђб
Рђб Рђб
Рђб
Рђб Рђб
Рђб Рђб Рђб Рђб
Рђб Рђб
Рђб Рђб Рђб
Рђб
Рђб
Рђб Рђб Рђб
Рђб
Рђб
Рђб
Рђб Рђб
Рђб
Рђб Рђб
Рђб Рђб Рђб Рђб
Рђб Рђб
Рђб Рђб 0
Рђб
1 '4
4 4 _ ,
4
;
Рђб
""
4
x i
A
Рђб
Рђб
4 .
Рђб
Рђб
44
Рђб
.
Рђб Рђб
o
t
Рђб -1
4
.
,
.
Рђб
r 0
1 0 6 Рђб Рђб , _A v g;
Рђъ . ' 1 Рђб 4 4 Рђб Рђб
Рђб
~ tiРђб '
A %Рђб
Рђб Рђб
Рђб 4 * 1 Рђб Рђб Рђб Рђб ' Рђб Рђб E Рђб Рђб Рђб Рђб Рђб
Рђб Рђб
Рђб 4 Рђб .3 РђбРђб Рђб
Рђб
Рђб Рђб Рђб Рђб . .)
Рђб Рђб
Рђб Рђб Рђб
.
- Рђб Рђб Рђб
Рђб Рђб
- a Рђб 1 .v
4 '
*
,
Рђб Рђб РђбРђбРђб 1
Рђб a 4
Рђб - Рђб
Рђб
/ Рђб . . Рђб Рђб Рђб РђбРђб
Рђб Рђб Рђб Рђб Рђб Рђб Рђб Рђб Рђб I I I Рђб Рђб Рђб Рђб Рђб Рђб Рђб Рђб Рђб Рђб 4 Рђб 'I' is Рђб Рђб Рђб Рђб Рђб Рђб Рђб Рђб Рђб Рђб Рђб Рђб Рђб Рђб Рђб Рђб Рђб Рђб Рђб Рђб Рђб Рђб Рђб Рђб Рђб Рђб Рђб Рђб Рђб Рђб Рђб Рђб Рђб Рђб Рђб Рђб Рђб Рђб Рђб Рђб Рђб Рђб Рђб Рђб Рђб n Рђб Рђб Рђб Рђб Рђб Рђб Рђб Рђб Рђб Рђб Рђб Рђб Рђб Рђб Рђб Рђб Рђб Рђб Рђб Рђб Рђб Рђб Рђб Рђб Рђб Рђб Рђб Рђб Рђб Рђб 0 Рђб Рђб Рђб Рђб Рђб Рђб Рђб Рђб Рђб Рђб Рђб Рђб Рђб Рђб Рђб Рђб Рђб Рђб 0 Рђб Рђб Рђб Рђб Рђб Рђб Рђб Рђб Рђб Рђб Рђб Рђб Рђб Рђб Рђб Рђб Рђб Рђб Рђб Рђб Рђб Рђб Рђб Рђб Рђб Рђб Рђб Рђб Рђб Рђб Рђб Рђб Рђб Рђб Рђб Рђб Рђб Рђб1 -
Рђб
.
Рђб a
1 Рђб-Рђб
Рђб2 4 .- . - "" Рђб s . I . '
.:. 3
4 t Рђб i i
,
Рђб r , J . ef
Рђб
, a Рђб -. Рђб
v i
.
a ,
"
EFTA00008501.pdf|"Рђб Рђб
. 4 eis Рђб ,. Рђб Рђб a - Рђб Рђб : ' 4 Рђб Рђб Рђб .P ;4 Рђб ."" Рђб Рђб Рђб 1 . Рђб "" - ' Рђб:; "" ' h e Рђъ Рђб iP Рђб 4 Рђб Рђб . Рђб r P "" o IРђб '4 Рђб !4 S Рђб Рђъ Рђб Рђб Рђб
Рђб
4 ''r j .
,11
Рђб
Рђб
Рђб
Рђб.f
I
ig
ti
4
0
Рђб I .
,""
""
Рђб
Рђб,41
tiw
;
.
РЎд
- 4 4
4
Рђб
Рђб
Рђб
Рђб
e l
Рђб
РђбРђбРђб
-
:Рђб .E .C C
Рђб
C
Рђб
Рђб
Рђб
Рђб
Рђб
Рђб Рђб Рђб
Рђб
Рђб
Рђб
Рђб
Рђб
Рђб
Рђб
Рђб
Рђб Рђб Рђб Рђб
Рђб
Рђб
Рђб
Рђб
Рђб
Рђб
Рђб
Рђб Рђб Рђб
Рђб
Рђб
Рђб
Рђб
Рђб
Рђб
Рђб
Рђб
Рђб Рђб Рђб Рђб
Рђб
Рђб
Рђб
Рђб
Рђб
Рђб
Рђб
Рђб Рђб Рђб
Рђб
Рђб
Рђб
Рђб
Рђб
Рђб
Рђб
Рђб
Рђб Рђб Рђб Рђб
Рђб
Рђб
Рђб
Рђб
Рђб
Рђб
Рђб
Рђб Рђб Рђб
Рђб
Рђб
Рђб
Рђб
Рђб
Рђб
Рђб
Рђб
Рђб Рђб Рђб Рђб
Рђб
Рђб
Рђб
Рђб
Рђб
Рђб
Рђб
Рђб Рђб Рђб
Рђб
Рђб
Рђб
s
Рђб
Рђб
Рђб
Рђб
Рђб Рђб i Рђб
Рђб
Рђб
Рђб
Рђб
Рђб
Рђб
Рђб Рђб
Рђб
Рђб
Рђб
Рђб
Рђб
Рђб
Рђб
Рђб
Рђб
Рђб Рђб Рђб
Рђб
Рђб
Рђб
Рђб
Рђб
Рђб
Рђб
Рђб
Рђб Рђб
Рђб
Рђб
Рђб
Рђб
Рђб
Рђб
Рђб
Рђб
Рђб
Рђб Рђб Рђб
Рђб
Рђб
Рђб
Рђб
Рђб
Рђб
Рђб
Рђб
Рђб Рђб
Рђб
Рђб
Рђб
Рђб
Рђб
Рђб
Рђб
Рђб
Рђб
Рђб Рђб Рђб
Рђб
Рђб
Рђб
Рђб
Рђб
Рђб
Рђб
Рђб
Рђб
Рђб
Рђб
Рђб
Рђб
Рђб
Рђб
Рђб
Рђб
Рђб
Рђб
Рђб Рђб Рђб Рђб
""C
Рђб
0
_
Рђб Рђб .4 5 4 .5
Рђб
Рђб Рђб Рђб Рђб
II
I
4.
Рђб
Рђб
Рђб Рђб Рђб
Рђб
I
I Рђбf,
Рђб
Рђб Рђб Рђб Рђб
P
).t
4 .
Рђб
Рђб Рђб Рђб
Рђб
Рђб
Рђб
Рђб
Рђб
Рђб
Рђб Рђб Рђб Рђб
Рђб
Рђб
Рђб
Рђб
Рђб
Рђб
Рђб
Рђб Рђб
Рђб
Рђб
Рђб
Рђб
Рђб
Рђб
Рђб
Рђб Рђб Рђб
Рђб
Рђб
Рђб
Рђб
Рђб
0
Рђб
4
Рђб Рђб
Рђб
Рђб
Рђб
Рђб
Рђб
Рђб
Рђб
Рђб Рђб Рђб
Рђб
Рђб
Рђб
Рђб
Рђб
Рђб
Рђб
Рђб Рђб
Рђб
Рђб
Рђб
Рђб
Рђб
Рђб
Рђб
Рђб Рђб Рђб
Рђб
Рђб
a
Рђб
Рђб
Рђб
Рђб
Рђб Рђб
Рђб
Рђб
Рђб
Рђб
Рђб
Рђб
Рђб
Рђб Рђб Рђб
Рђб
Рђб
Рђб
Рђб
Рђб
Рђб
Рђб
Рђб
Рђб
Рђб
Рђб
Рђб
Рђб
Рђб
Рђб
Рђб
Рђб
Рђб Рђб
Рђб
Рђб
Рђб
Рђб
Рђб
Рђб
Рђб
Рђб
Рђб
Рђб
Рђб
Рђб
Рђб
Рђб
Рђб
Рђб
Рђб Рђб
Рђб
Рђб
Рђб
Рђб
Рђб
. )
Рђб ' s Рђб Рђб Рђб 44 Рђб ' . . . Рђб
Рђб .
""a ;tr im Рђб Рђб I
Рђб
Рђб 1 .4
РђбРђб
Рђб РђбРђбРђб
Рђб""""
Рђб
, Рђб _ Рђб Рђб 4
"
EFTA00008502.pdf|"РђбРђбРђбРђбРђбРђбРђбРђбРђбРђбРђбРђбРђбРђбРђбРђбРђбРђбРђбРђбРђбРђбРђбРђб
i
-
.РќаРќаРќаРќаРќаРќаРќа
-
e
s
-
302
"
EFTA00008503.pdf|"Рђб.....
..... latto
A IP Рђб '
Рђб , . ,
. , Рђб
Рђб РђбРђб; . Рђб , -Рђб ill' .. Рђб
Рђб Рђъ, Рђб., Рђб ., Рђб Рђб ,,,..Рђб .... A РђбРђбРђбРђб
. II Рђб ' Рђб I
P Рђб Рђб
Рђб . a t Рђб . . . Рђб . . Рђб
.. Рђб ,r Рђб Рђб Рђб .0' ... al l 01111(1
. .
РђбРђбРђб Рђб
P Рђб Рђб Рђб
gРђб .
l b Рђб .A Рђб Рђб 04: dB.. 44Рђб . Рђб 4: ja Рђб ,m.
ll ' Рђб S .Рђб Рђб
4. * Рђб Рђб Рђб . Рђб I! . Рђб.4 . Рђб
Рђб Рђб Рђб m L. . ' IF РђбРђбРђб ft Рђб . Рђб Рђб Рђб1
Рђб . Al `,.
II
ti
Рђб
РђбРђб Рђб . Рђб Рђб Рђб Рђб'1 4,
Рђб IS Рђб
Рђб p Рђб
..РђбРђбРђб Рђб r. Рђб Рђб . Рђб Рђб
Рђб Рђб РђбРђб Рђб: Рђб
Рђъ
Рђб Рђб Рђб
Рђб mРђб Рђб
Рђб Рђб i Рђб
Рђб Рђб
.
Рђб
Рђб
Sal .
op Рђб.;
.
Рђб Рђб Рђб Рђб
Рђб
a Рђб :1 Рђб Рђб 1
"
EFTA00008504.pdf|"Рђб Рђб Рђб
Рђб ' ' S.. Рђбe.- Рђб . . Рђб Рђб
Рђб Рђб Рђб Рђб . 4 Рђб Рђб , "" Рђб Рђб Рђб '. I. Рђб Рђб
- - Рђб , d Рђб Рђб ' r . Рђб Рђб :JРђъРђбРђб , - Рђб Рђб Рђб Рђб . Рђб . Рђб Рђб . Рђб , Рђб Рђб Рђб Рђб Рђб Рђб Рђб
Рђб РђбРђб Рђб Рђб . Рђб Рђб Рђб Рђб . . Рђб ."" Рђб Рђб Рђб .
-..............,Рђъ Рђб Рђб ?it
.1┬░
РђбРђбРђб AO: Рђб j
2,44
. Рђб Рђб Рђб Рђб Рђб
Рђб Рђб Рђб
Рђб
a 3 I r Sc21 -7 Рђб t""
_ Рђб
, I Ifir
Рђб Рђб
РђбРђб
Рђб 4
Рђб
Рђб Рђб
Рђб - Рђб Рђб Рђб РђбРђбРђб Рђб Рђб РђбРђб
I Рђб . . Рђб
.1 Рђб Рђб Рђб
Рђб
Рђб Рђб . Рђб
. Рђб Рђб
Рђб r: Рђб Рђб
Рђб
Рђб Рђб
Рђб 1, Рђб
Рђб
Рђб
Рђб
Рђб Рђб Рђб
Рђб
Рђб
Рђб
a. Рђб
Рђб
Рђб РђбРђб ;
РђбРђбРђб Рђб
Рђб
"
EFTA00008505.pdf|
EFTA00008506.pdf|"Рђб . 6 "" Рђб Рђб .
Рђб 1
Рђб Рђб Рђб
' 11Рђъ Рђб . .
Рђб Рђб Рђб .0
Рђб . "" ...- - Рђб .Рђб .
. . .
Рђб Рђб Рђб
Рђб
40
Рђб Рђб Рђб, :
Рђб . Рђб
Рђб . . Рђб Рђб . . Рђб
Рђб Рђб РђбРђбРђб. Рђб
Рђб Рђб
Рђб
'Рђб Рђб
. Рђб РђбРђбРђб Рђб
Рђб
Рђб Рђб Рђб , ' Рђб Рђб
'РђбРђб .%*
. **.РђбРђб S.
Рђб. _
Рђб -
. ,
Рђб
. .
Рђб Рђб e"",
. g '1""
Рђб
I,
"
EFTA00008507.pdf|"ley
"
EFTA00008510.pdf|
EFTA00008511.pdf|"Рђб # Рђб Рђб
Рђб Рђб , Рђб
Рђб Рђб . РђбРђбРђб .
, Рђб - Рђб
, Рђб ...Рђб. Рђбf.Рђб:r .4 ;1; Рђб
Рђб . РђбРђб
.
, Рђб e
Рђб Рђб Рђб or' e
РђбРђб . РђбРђбРђб .. .
. . . ,
.. .... , Рђб. v.:РђъРђъ
.
Рђб Рђб . fi i
. 4. a Рђб .
. 1 . ,1 41 , a . . Рђб ' Рђб . . 4 4. I,. ..- .
J. Рђб 'Рђб Рђб
Рђб Ot Рђб
Рђб t -
Рђб 1..Рђб
Рђб РђбРђб .
"". Рђб A. ""'
-Рђб,, Рђб G Рђб Рђб
de Рђб , Рђб
0./ Рђб Рђб
Рђб -
S a 4+ Рђб - ii* - ... I
Рђб ft . Рђб - ' Рђб ''' Рђб l i i i b , . Рђб . 1 , Рђб Рђў, , . 14/ ' ...., .. Рђб b
Рђб * Рђб I Рђб - l Рђб .Рђб .1 ' eat Рђб , . РђбРђб a . .- ,. . Рђб . . u . * ,. l i, ,Рђб Рђб I 3, . i I Рђб 4 Рђб Рђб , 7 ,Рђў : Рђб - . A"" - Рђб . I ' . ..' N -1 ., Рђб Рђб
a -A. Рђб 1.Рђб A _ . , . . 4 ''-' Рђб "". Рђб Рђб if '.РђбРђб 4 .ii РђбРђбРђб ' Рђб# Рђб II . a ..ots. ..
Рђб 4, Рђб . 1 - Рђб Рђб Рђб ..Рђб a
, e , ` ; Рђб at' r. . - Рђб Рђб Рђб . SI,. ...
.. .4. , A
Рђб . Рђб . N . . ' РђбРђб РђбРђб I Рђб 0 . .4t I - N . it ' Рђб Рђб Рђћ I . l t .....' - 4 Рђћ ..Рђб,Рђб,..e S , ^ '
. , Рђб 4 1 , Рђб Рђб Рђб Рђб 1 Рђб . 4. Рђб Рђб . .' . . , ' , .Рђб - - . % Рђб A . t ""4 a pp . . . . Рђб 0 . Рђб A . 4 . . . Рђб . , I Рђб A Рђб I . P , Рђб Рђб Рђб ' .' , a - ... , . d . . a A . , . Рђб Рђб - k r .. . Рђб IV Рђб 4 ' 4 : Рђб it Рђб , Рђб -- l e . 4 Рђб a . . . Рђб 14 a ... . .4 . 1 . . A Рђб . '04 ' . . * b Рђб P ' . ' . . 4* , . V Рђб ""i Рђб ' . . N A I . 1 РЎд 40 0 Рђб . Рђб , Рђб i , - i k I S ""4 . . Рђб r . v ,. v Рђб a Рђб . . Рђб r - Рђб .
"
EFTA00008512.pdf|"Рђб Рђб Рђб Рђб
.I ,Рђб
;.4
Рђб . Рђб Рђб
Рђб Рђб Рђб Рђб Рђб
rot Рђъ Рђб
Рђъ Рђб Рђб
"
EFTA00008513.pdf|"4
pa,
Рђб
'
.Рђб
s
/-
Рђб
Рђб
РђбРђб
"
EFTA00008514.pdf|"Рђб Рђб
. Рђб v. e ' Рђб Ami . i ' . Рђб Рђб ., .0 , . i t ,Рђъ, Рђб 0 ., . ' /kr . a 7 4 lc l 'РђбРђб . . . 0 . Рђб . Рђб Рђб Рђб . 1 . Рђб ; % Рђб I Рђб Рђб Рђб . . Рђб . Рђб . Рђб 1. Рђб ' . ' a a . РђбРђб r ir ' Рђб 4 Рђб . Рђб 0
Рђб
.. ""... s Рђб a - РђбРђб II.
7 V. . Рђб .' Рђб 14/, .Рђъ , 6.. . 1.: . . S. ... .Рђб .s. ' 14. . . ill S.. .
Рђб . Рђб ' lb Рђб Рђб . Рђб Рђб Рђб Рђб Рђб ,Рђъ, Рђб Рђб .1 Рђб r '. Рђб , .. 4 ; . . . Рђб . - . 14/ . t . . il .. .Рђб Рђб , Рђб Рђб Рђб ...Рђб a - Рђб i ' . Рђб Рђб Рђб - a . . . I ' . - . 4 Рђб Рђб ' . Рђб ' IIРђб Рђб . . . Рђб . Рђб 1 '''' Рђъ . , i . Рђб , Рђб e . Рђъ 4 Рђъ . Рђб . Рђб Рђб 4 1. . . c .. i . i , , Рђб Рђб 4 I . Рђб Рђб Рђб Рђб m Рђб Рђб 'Рђб Рђб . Рђб Рђб Рђб . . Рђб .... . "" . Рђъ, .. 0
Рђб 4, ' Se . РђбРђб ,.. ii.o . - Рђб Рђб Рђб Рђб _ . ' ' Рђб .
ii..... . Рђб Рђб Рђб .. "" . . t- Рђб .;-Рђб / la -as ' to - РђбРђб a, Рђб Рђб 4 . . Рђб L РђбРђб Рђб Рђб Рђб РђбРђбРђбРђб - .1 . Рђб i . . * . I .. . P*C . .! ..Рђб Рђб Рђб % .5 . Рђб Рђб . IV 3 Рђб I Рђб de . ' .. Рђб . 1 4 ,11. 0. . t Рђб Рђб Рђб ..., S . .
t
7: 7.. .. ' e i . '.. .. Рђб Рђб . Рђб .... 4 . ,,,, ' la
. Рђб , 4
Рђб ....
..Рђб11 . Рђб
'Рђб Рђб. Рђб Рђб
,
eb....Рђб Рђб""
Рђб Рђб ,
Рђб Рђб I Рђб
lib It РђбРђб *kilt
VI/
"
EFTA00008515.pdf|"MY PASSPORT
"
EFTA00008516.pdf|"ERAC HTIW
'
ELDNAH
.
ELIGARF
"
EFTA00008517.pdf|
EFTA00008518.pdf|"РђбРђб Рђб 0
Рђб
"
EFTA00008519.pdf|"РђбРђб Рђъ. . Рђб - a Рђб i Рђб .. . . . , 4. 4 .' 1 4 4 , Рђб Рђб Рђб h e ; Рђб РђбРђб; . , r . . РђбРђбРђб O a . "" . Рђб S. . ,. 1Рђб Рђб Рђб . ihe , . ... I Рђб Рђб !. . Рђб e Рђб Рђб Рђб .. a leРђбРђб ...p Рђб . Рђб
.Рђб . . I 1 0 РђбРђб 4 Рђб r . 4.Рђб"" Рђб f . r. ' Рђб i , . - I . 1 . Рђб . e . Рђб Рђб .2 . L., A . . Рђб Рђб РђбРђб Рђб Рђб Рђб Рђб Рђб -Рђб .
. . Рђб . РђбРђбРђб Рђб r'Рђб tts 't i 4 41--ef, Рђб , ' Рђб Рђб РђбРђбРђб4 , Рђб Рђб , Рђб Рђб 1 "" 1 "" 4 . . , . . . Рђб . k S ' al Рђб Рђб l c Рђб . Рђб Рђб 44 / ' ' . Рђъ Рђб - . ""' ' - , . I' Рђб t
i РђбРђбРђб Рђб - . Рђб ivr .. ,+,,, - :4РђбРђб Рђб 4 . -Рђб ..e. .t. ' C.
( / . Рђб
Рђб Рђб Iiii t . Рђъtr. .. a . s . Рђб . . . ...Рђъ . .'' . 4 РђбРђб ... Рђб Рђб Рђб ,... . t I Рђб 1 'I : РђбРђб .4 Рђб . . ....,.. ; ;, , . Рђб 1. . Рђб i . . Рђб - - d i. Рђб .
9 4 4┬░. , Рђб Рђб A Рђъ Рђб X 4 ' , ,Рђъ 4 . . Рђб Рђб Рђб ' ,t,3;.%,220 ; Рђб . ; Рђб Рђб V. a . v e"" . , . t . РђбРђб I Рђб P t: ' .4 . .., . % . Рђб 0 Рђб Рђъ Рђб,Рђъ , Рђб ,, / - Рђб Рђў' !r Рђб t ..4-., . Рђб Рђб Рђб, Рђб eft Рђб . . .. , . Рђб Рђб a . l , p t 4 i Рђб l r . a Рђб 1 Рђб , РђбРђбРђб Рђб Рђб Рђб РђбРђб l Рђб i
Рђб0 .Рђб . РђбРђб РђбРђў . . .. . .. 1 4 Рђб . . Рђб ' Рђб } :I Рђб ? : Рђб L -' A Рђб aРђб,' Рђб Рђб Рђб ; Рђб .Рђб. , . 4 Рђб Рђб Рђб . P. . .. . - - Рђб ,., AiNp , i Рђб r . .. . .,. Рђб 7 Рђб Рђб-. Ilk .. . . .. - , lРђбi le
t4.1. 4 I .... . - Рђб - *
.... Рђб A / i I e. Рђб . . Рђб Рђб - РђбРђб 0 .Рђб 4 i '; Рђб Рђб Рђб Рђб . I Рђб Рђб . Рђб V "" Рђб 4 0 Рђб Рђб 4 4 .. , Рђб Рђб Рђб Рђб ' ' i ., Рђб ; % ,. I'. r - ..Рђъ ; 31Рђў.. 1 .. 5 v 1 . 4 Рђб Рђъ I 3 l5 0 q 2 75a I :Рђб1 Рђб 4. , Рђб / , # Рђб 4 , .. . . . Рђб , It . Рђб . Рђб , a r Рђб РђбРђбРђб p Рђб k Рђб . Or . Рђб Рђб Рђб Рђб Рђб / f I : I r . .. Рђб . Рђб a Рђб . ' Рђб . Рђб Рђб ; Рђб Рђб "" ' Рђб % Рђб . ...- Рђб . . . Рђб Рђб II 4 , l 1 . i 1 = . :: Рђб Рђб i Рђб a Рђб Рђб . Рђб Рђб r Рђб . . Рђб - . Рђб . Рђб . Рђб 1 - 0 ` Or Рђб . Рђб Рђб .
Рђб - Рђб Рђб РђбРђб' . . s ',' r , Рђб Рђб . Рђб _ Рђб 4 0 Рђб Рђб Рђб : , * 1 y 4 Рђб . Рђб Рђб Рђб Рђб Рђб g ... , . . $ Рђб . ' I C V o / . РђбРђбРђб * 0 ' 6 L . Рђб .. : . i t - ..Рђб . ,. Рђб . 4 'I Рђб j ' il$ g 4,4' Рђб t Рђб 4 , Рђб ' 4 . , Рђб V - - ii Рђб , I s I. o Рђб 41Рђб' t Рђб it 1 . '44* . Рђбa i Рђб РђбРђб IРђб, 14 . РђбРђбРђб t Рђб - Рђб 4 . 4 a 1 Рђб , 1' P Рђб a % , ;Рђб Рђб / Рђб Рђб ' Рђб
Рђб Рђб 4 ' - ' РђбРђбРђб . Рђб Рђб .a .Рђб- Рђб Рђб Рђб-) ; - il. Рђб Рђб Рђб -Рђб .4' Рђб ' ""I . Рђб Рђб .44 Рђб
t , "" Рђб . ' 4 ; / Рђб Рђб Рђб Рђб 4 ' Рђб . , , Рђб Рђў - t .... ' . Рђб Рђб IP Рђб ' Рђб ' . Рђб Рђб Рђб Рђб ' Рђб . Рђб 1 .....Рђб ┬░
, - ty Рђб Рђб r1 ' Рђб Рђб .... Рђб ..Рђб .. . . .. .. . , . Рђб Рђћ li.e , . 4 . . , 4 a Рђб Рђб , Рђб a Рђб e l Рђб i ' , - Рђб I . Рђъ Рђб - ' - I Рђб lh ' . ' Рђб Рђб Рђб Рђб., Рђб Рђб r . Рђб, a Рђб ..Рђб 4' Рђб '
, ,,* Рђб Рђб ..
Рђб Рђб 44 ' Рђб A4 e . . Рђб' РђбРђбРђб Рђб i Рђб1 Рђб Рђб Рђб Рђб a "" РђбРђб Рђъ It Рђб ; 4 Рђб - ; ... i f , v Рђб - I N jC Рђб 4"" Рђб . ' 404'. . Рђб , РђбРђб
a/ 41 . Рђб 1 1. lill . It t 4 ...i0 4 b.. . ,.....Рђб. I .Рђб I Рђб . Рђб Рђб .
. РђбРђбРђб., . - - I i . Рђб . t Рђб . a Рђб Рђб - 1 Рђб ., РђбРђбРђб 4 l.i . . РђбРђбРђб Рђб v. Рђб Рђб ad la Рђб 4. a. Рђб a VI a Рђб
ea Рђб Рђб Рђб r Рђб Рђб -, Рђб ' .' Рђб V 1 Рђб '-' Рђб , ll' РђбРђб Рђб Рђб РЎд Рђб ' Рђб it.' . Рђб .41
Рђб Рђб LРђб te e - "":. .' ' . ... .0 A .. Рђб:e I A Рђб t I Рђб .1' Рђб si, Рђб ' h... "" Рђб . I , 4. Рђб
. Рђб . . . . f Рђб Рђб a . ' Рђб Рђб ... 4 . . o . 0 .4.. . , . ' r,4Рђъ . . . 7 4 . . - a . РђбРђб Рђб . . a I ; Рђб 0' ┬░ Рђб I Рђб . , 5 g . Рђб Рђб ' I I 4, ' Рђб N 7 Рђб Рђб Рђб Рђб Рђб .. . I Рђб Рђб Рђб Рђб / . "" .: I ! . .. . . Рђб 1 ? a Рђб , 4. % i Рђб , iРђб Рђб .. Рђб .. .. Рђб РђбРђб i Рђб РђбРђб I t , Рђб Рђб Рђб . Рђб I Рђб it; , Рђб Рђб Рђб - Рђб , % O РЎд 1 . . a РЎд . .. Рђб . Рђб Рђб a . Рђб Рђб l I . k : . % Рђб . Q I . t Рђб g: . Рђб Рђб
Рђб Рђб Рђб I , I Рђб,Il - - Рђб , _ , e. Рђб Рђб . 0 Рђб em
"
EFTA00008520.pdf|
EFTA00008521.pdf|"I,VI VI IIIIVAt I
"
EFTA00008522.pdf|". Рђб .
Рђб
Рђб - Рђб Рђб - Рђб
Рђб Рђб
I. Рђб Рђб
P. - Рђб Рђб Рђб
Рђб
Рђб Рђб -
Рђб -
Рђб a_Fc
Рђб
Рђб Рђб
┬░Pc% Рђб
(3c,
,P4(7
I 4- F'IIeI$
506- lijk/-3O:27571
Рђб oct kii 7; 7511
,
. Рђб
-. Рђб
РђбРђбРђб 'Sr
, st Рђб s
Рђб
. Рђб, =РђбРђб:, - Рђб .4 Рђб
Рђб Рђб Рђб 1..
Рђб
"
EFTA00008523.pdf|
EFTA00008524.pdf|
EFTA00008525.pdf|"affiCnalefT┬░
II Рђб MVIKMMMW
"
EFTA00008526.pdf|"tit!e
441
Рђб Рђб a-06
Рђб-T.
ito Nc, P.i-n
M44-Рђб 1e-'c
"
EFTA00008527.pdf|"; .41 Рђб Рђб Рђб
4
. ! Рђб Рђб Рђб Рђб
...Рђб ' , _ . РђбРђбРђбРђб 4 : P Рђб * c . . . 1, 4 . l . 2. . A ! . .4.! . . . ..: Рђб . ) ..2, it % . j.k:- ..... . - ; Рђб Рђб j , . Рђб - Рђб Рђб Рђб Рђб r ! ( -r d e 4 .1%14/ Рђб -
Рђб a . ' -. .. Рђб,.. РђбРђбРђбРђб , Рђб . Рђў Рђб Рђб Рђб Рђб Рђб РђбРђбРђб ' ""IA РђбРђб o. in, '. 311,- $11- -A, 1Рђб41 Рђб-Рђб...i
_ k . i Рђб l f Рђб t - Рђб .,* . Рђб . . 4 . . - . . Рђб . . - A . , . , . , . a : "" Рђб P . Рђб . . Рђъ A * - 4 . Рђб t % . . i . . b . Рђб , Рђб . , . / , Рђб . Рђб Рђб Рђб . Рђб V . - Рђб A Рђб A . Рђб . 4 . a . - Рђб : 4 ) . Рђб . 0 . . . Рђб % , . 4 ' . Рђб Рђб - Рђб Рђб Рђб I 4 1 , 4 , . s Рђб - . : Рђб t _ . Рђб Рђб I ' . 4 . d p 4 - . b . Рђб ' - . Рђб , Рђб n - - Рђб e Рђб . , Рђб Рђб - k Рђў Рђб Рђб ' $ . . s . * . r - 4 - Рђб A . * . d ' ' I i . - C , Рђб 0 . I 4 . Рђб p "" p - . Рђб - A Рђб Рђб . ; Рђб . - - . . 4 4 Рђћ , - . . . * Рђб . Рђб . Рђб Рђб s . . Рђб . . . . * . 4 n . ' . .. Рђб . 4 Рђб . , , . Рђб Рђб r Рђб Рђб p i r Рђћ f - . Рђб , Рђб Рђб . . . Рђб Рђб . . РђбРђб - . . . . Рђб e . , ( Рђб - A Рђб . Рђб )= r Рђб - . Рђб Рђб . . . . . - Рђб % - Рђб a . v I Рђб . Рђб Рђб ' Рђб , - ' Рђб I . C - Рђб . i Рђб L i ' r Рђб - . . _ 1 4 . Рђб ' ' . , Рђб 4 Рђб : v ) . f , 4 l i # , Рђб Рђб e . Рђб 4 Рђб Рђб , 7 , a 1 Рђб 2 Рђб 1 "" ' , . 0 r. .i . . s n .Рђъ i .1 i . ri Рђб , L Рђб c A !Рђб Рђб a . Рђб . . . . nO Рђб., n c yo y l. Рђб C s Рђб p Рђб . Рђб Рђб Рђб S 1 Рђб 0 Рђб Рђб Рђб Рђб Рђб Рђб 4 V 5 e . r n I . 3 . . -0 4 Рђб РђбРђбРђб l 1 o om t 0 - . ', -1 . . . Рђў ) 1 % , Рђб . . N Рђб c op Рђб Рђб Рђб 4 Рђб .7 Рђб N - Рђб I I Рђб Рђъ Рђб . , Рђб g Рђъ Рђб . . Рђб , , Рђб , . . . Рђб . 1 N .1 . 1 4 .4 Рђб 1 ; Рђб 4 , 1 Рђб Рђб ' . d t % i . Рђб Рђб Рђб Рђб n Рђб t % e Рђб I I a Рђб ' , 4 s r * . , ' 1,, .... . Рђб . V Рђб
.tРђб.Рђб Рђб . ' РђбРђб jr Рђб . Рђб Рђб Рђб Рђб Рђб , Рђб a Рђб ' , Рђб I, . Рђб . ' РђбРђб . Рђб . I Рђб 4 , . - Рђб Рђб Рђб . V a i . Рђб Рђб Рђб Рђб j Рђб) - I , Рђб . - . ,, Рђб 1., Рђб Рђб . . Рђб . Рђб 1 Рђб Рђб _ Рђб I Рђб Рђб Рђб Рђб Рђб Рђб 4 p I , Рђб . Рђб -- Рђб I Рђб . Рђб t- Рђб Рђб' Рђб Рђб . Рђб - .Рђб Рђћ - : ' . Рђб t . . d Рђб e .... r / i Рђб . Рђб Рђб Рђб . ."" . . . Рђб . , % Рђб .Рђб "" Рђб : Рђб . 4 , Рђб - / 0... , . ......Рђб 4 Рђб Рђб Рђб V Рђб C. Рђб - , . ' - 4, .."" Рђб ** - .1 k. Рђў. .-4РђбРђб- РђбРђбРђб .. Рђб . 1,...; Рђб .
Рђб 1 1 Рђб , Рђб l i i - 1. "" 0 i .4 a 0 ' . Рђб . Рђб Рђб . t Рђб 4 Рђб .."" . Рђб I Рђб /Ayr. Рђб 4. 4 .... 6 C. e 4 ... . 4 el . - . . ' - Рђб I tРђб 1 -.4 Рђб Рђб "" 7 0 < 11 1 РђбРђб , Рђб II ; ' Рђб 1 a 1 q Рђъ 1 - РђбРђб , Рђб
Рђб .Рђб Рђб Рђб ' Рђб I P . '-Рђб 1 1411): 4 .*...4 Рђб -.4 . ' ' lift, Рђб
a /2 Рђб .
i , Рђб Рђъ. % . . Рђб . Рђб 4 . 04 . . . . 0"" Рђб Рђб Рђб . . - . "" %,, Рђб 4. , 1 Рђб РђбРђб,'.
, . Рђб , . , ,, 4
r
:' 4.
Рђб' Ir Рђб 1.
-. Рђб Рђб -Рђб Рђб
Рђб
t. ,
Рђб
,
.
- Рђб '
4-
Рђб
tie Рђб I .7,4.
. Рђб Рђб Рђб ..' ...r ' t. ; Рђб РђбРђб T e Рђб I Рђб ' I Рђб '- .1 . .t.? 0 - Рђб e t "" Рђб . ' . ' . ""r : . Рђб Рђб Рђб Рђб Рђб 4* Рђб 1 ' I Рђб , ' 1 . . Рђў . ' . ip Рђб ...; ' 4 : Рђб Рђб IP fr Is' u 4 Рђб ' '
. i Рђб Рђб .. ! if, Рђб I I'', 241( % Рђб РђбРђб Рђб Рђб '.16 - ' .- . 4Рђб . Рђб Рђб Рђб a . . a Рђб Рђб Рђб ,. 4, . / e. Рђб Рђб РђбРђб Рђб Рђб
. l 4 iРђб , . . C ' , t . . Рђб Рђб . Рђб -; Рђб? A * Рђъ , . - e . . 2 . . . , Рђб 4 v . . . ' , . ) # g 4 eРђб . Рђб # . . Рђб . . .. . , . . Рђб ' Рђб Рђб e .., t . . . r . Ia.' Рђб 1 Рђб Рђб . , l Рђб b , il h - Рђб Рђб , Рђб A , 7
Рђб - . . . . Рђб 4 4 Рђб Рђб РђбРђбРђб Рђб Рђб Рђў.. Рђб "" ...Рђб i
si. . ) , Рђб . Рђб ""..
1 Рђб . lРђб ! F . t - ,_ - Рђб ;1' Рђб , Рђб , r
! Рђб РђбA . РђбРђб , . 4 O Рђб f Рђб t Рђб . Рђб Рђб , - Рђб
ii Рђб ,.Рђб .. .
Рђб "". 4 .04 .. fp :. .4
' I p 4 0Рђъ Рђъ ...4
p , . A
1
1 ' IL 1. SРђб. 1┬░I1
, , auj 4
"
EFTA00008528.pdf|
